Date_(DD/MM/YYYY),Day_Peak_Demand_MW,Evening_Peak_Demand_MW
01/01/2016,4275,5891
02/01/2016,4742,6538
03/01/2016,4944,6635
04/01/2016,4934,6694
05/01/2016,4938,6672
06/01/2016,5015,6707
07/01/2016,4894,6754
08/01/2016,4370,6157
09/01/2016,4792,6775
10/01/2016,4910,6635
11/01/2016,5037,6766
12/01/2016,5153,6778
13/01/2016,5230,6883
14/01/2016,5386,6794
15/01/2016,4595,6311
16/01/2016,3895,5821
17/01/2016,5200,6983
18/01/2016,5316,6946
19/01/2016,5440,6937
20/01/2016,5121,6484
21/01/2016,5338,6840
22/01/2016,4763,6242
23/01/2016,5305,6939
24/01/2016,5669,6954
25/01/2016,5611,7080
26/01/2016,5562,6796
27/01/2016,5514,6870
28/01/2016,5671,7065
29/01/2016,4828,6454
30/01/2016,5323,7039
31/01/2016,5766,7052
01/02/2016,5837,7024
02/02/2016,5813,7042
03/02/2016,5901,7041
04/02/2016,5662,6881
05/02/2016,4836,6300
06/02/2016,5338,7074
07/02/2016,5755,7127
08/02/2016,5692,7155
09/02/2016,5868,7214
10/02/2016,5726,7194
11/02/2016,5885,7153
12/02/2016,4745,6584
13/02/2016,5679,7160
14/02/2016,6001,7314
15/02/2016,6040,7525
16/02/2016,6333,7521
17/02/2016,5938,7448
18/02/2016,6342,7474
19/02/2016,5410,7055
20/02/2016,5748,7497
21/02/2016,5524,7130
22/02/2016,6192,7679
23/02/2016,6689,7628
24/02/2016,5656,7147
25/02/2016,6076,7475
26/02/2016,5071,7010
27/02/2016,5915,7614
28/02/2016,6597,7617
29/02/2016,6469,7729
01/03/2016,6771,7881
02/03/2016,6683,7784
03/03/2016,6668,7775
04/03/2016,5485,7413
05/03/2016,6127,8002
06/03/2016,6968,5946
07/03/2016,6151,7485
08/03/2016,6605,7957
09/03/2016,6514,7953
10/03/2016,7176,7942
11/03/2016,6038,7777
12/03/2016,6699,7995
13/03/2016,6476,7781
14/03/2016,6856,7865
15/03/2016,6839,8000
16/03/2016,6707,8000
17/03/2016,6804,7801
18/03/2016,5684,7588
19/03/2016,6611,7711
20/03/2016,6959,7711
21/03/2016,6905,7950
22/03/2016,6620,7900
23/03/2016,6997,8025
24/03/2016,7048,8050
25/03/2016,6048,7788
26/03/2016,6576,7825
27/03/2016,6979,8088
28/03/2016,5991,7013
29/03/2016,6245,7005
30/03/2016,6675,7352
31/03/2016,6427,6417
01/04/2016,3634,6272
02/04/2016,5335,7338
03/04/2016,5987,7249
04/04/2016,5867,7572
05/04/2016,6300,6889
06/04/2016,6378,7879
07/04/2016,6919,8157
08/04/2016,5803,8002
09/04/2016,6651,8348
10/04/2016,7365,8280
11/04/2016,7389,8350
12/04/2016,7507,8350
13/04/2016,7479,8250
14/04/2016,6739,7736
15/04/2016,6399,7976
16/04/2016,6750,7800
17/04/2016,7266,8083
18/04/2016,7203,8200
19/04/2016,7363,8250
20/04/2016,7144,8300
21/04/2016,7328,8300
22/04/2016,6522,8040
23/04/2016,7155,8200
24/04/2016,7500,8300
25/04/2016,7300,8300
26/04/2016,7300,8300
27/04/2016,7213,8300
28/04/2016,7200,8300
29/04/2016,6904,8250
30/04/2016,7350,8400
01/05/2016,6383,5603
02/05/2016,5930,6665
03/05/2016,6173,7800
04/05/2016,6325,7967
05/05/2016,7150,8006
06/05/2016,5908,7514
07/05/2016,6110,6626
08/05/2016,6536,8271
09/05/2016,7140,8026
10/05/2016,7154,8200
11/05/2016,7010,8250
12/05/2016,7304,6479
13/05/2016,4946,6192
14/05/2016,6145,7753
15/05/2016,6913,7692
16/05/2016,6850,7900
17/05/2016,7003,7900
18/05/2016,6849,7850
19/05/2016,6166,7850
20/05/2016,5505,7425
21/05/2016,4100,6168
22/05/2016,6213,7434
23/05/2016,5581,7775
24/05/2016,6806,7666
25/05/2016,6975,6205
26/05/2016,6535,7667
27/05/2016,5750,7748
28/05/2016,6026,8001
29/05/2016,7239,8067
30/05/2016,7112,8100
31/05/2016,7083,7775
01/06/2016,6964,8200
02/06/2016,7344,8400
03/06/2016,6742,8250
04/06/2016,7043,8400
05/06/2016,7040,8482
06/06/2016,7476,8600
07/06/2016,7163,8357
08/06/2016,7199,8650
09/06/2016,7189,8387
10/06/2016,6536,8402
11/06/2016,5066,8226
12/06/2016,6176,7774
13/06/2016,6389,8285
14/06/2016,6737,8551
15/06/2016,7014,8776
16/06/2016,7108,8711
17/06/2016,6296,8512
18/06/2016,6684,8700
19/06/2016,7507,8671
20/06/2016,7345,8800
21/06/2016,7417,8800
22/06/2016,7330,8750
23/06/2016,7442,8738
24/06/2016,6611,8698
25/06/2016,7091,8942
26/06/2016,7889,8900
27/06/2016,7900,8900
28/06/2016,7682,8900
29/06/2016,7559,8950
30/06/2016,7800,9036
01/07/2016,7155,8588
02/07/2016,6946,8367
03/07/2016,6253,8066
04/07/2016,5560,7643
05/07/2016,4701,7265
06/07/2016,4632,7241
07/07/2016,5351,7162
08/07/2016,5164,7339
09/07/2016,5271,7361
10/07/2016,5653,7767
11/07/2016,6213,8120
12/07/2016,6476,8197
13/07/2016,6861,8366
14/07/2016,7276,8528
15/07/2016,6405,8319
16/07/2016,6621,7990
17/07/2016,6712,8207
18/07/2016,6547,8479
19/07/2016,6778,8615
20/07/2016,7103,8650
21/07/2016,7094,8371
22/07/2016,5816,7939
23/07/2016,6585,8259
24/07/2016,6829,8375
25/07/2016,6877,8216
26/07/2016,6779,8400
27/07/2016,6881,8354
28/07/2016,7443,8616
29/07/2016,6101,8277
30/07/2016,7080,8300
31/07/2016,7094,8450
01/08/2016,7212,8472
02/08/2016,7070,8414
03/08/2016,7387,8650
04/08/2016,7384,8600
05/08/2016,6225,8322
06/08/2016,6822,8438
07/08/2016,7267,8620
08/08/2016,7277,8600
09/08/2016,5271,7361
10/08/2016,5998,7682
11/08/2016,6931,8165
12/08/2016,6210,8297
13/08/2016,7359,8550
14/08/2016,7383,8700
15/08/2016,6935,8461
16/08/2016,7253,7727
17/08/2016,6719,8073
18/08/2016,7347,8700
19/08/2016,6699,8466
20/08/2016,7248,8700
21/08/2016,6737,6406
22/08/2016,6533,8700
23/08/2016,7171,8800
24/08/2016,7595,8750
25/08/2016,7195,8700
26/08/2016,6593,8600
27/08/2016,7253,8800
28/08/2016,7518,8800
29/08/2016,7514,8950
30/08/2016,7579,9000
31/08/2016,7542,8900
01/09/2016,7155,8482
02/09/2016,6946,8500
03/09/2016,6253,8650
04/09/2016,5560,8700
05/09/2016,4701,8800
06/09/2016,4632,8700
07/09/2016,5351,8900
08/09/2016,5164,8890
09/09/2016,5271,8800
10/09/2016,5653,8450
11/09/2016,6213,7976
12/09/2016,6476,7593
13/09/2016,6861,7345
14/09/2016,7276,7461
15/09/2016,6405,7679
16/09/2016,6621,7679
17/09/2016,6712,7965
18/09/2016,6547,8300
19/09/2016,6778,8350
20/09/2016,7103,8400
21/09/2016,7094,8350
22/09/2016,5816,8550
23/09/2016,6585,8085
24/09/2016,6829,8790
25/09/2016,6877,8484
26/09/2016,6779,8660
27/09/2016,6881,8700
28/09/2016,7443,8750
29/09/2016,6101,8855
30/09/2016,7080,8739
01/10/2016,7395,8800
02/10/2016,7750,8900
03/10/2016,7598,8900
04/10/2016,7553,8900
05/10/2016,7612,8900
06/10/2016,7467,8850
07/10/2016,6280,8614
08/10/2016,7401,8804
09/10/2016,7388,8864
10/10/2016,7327,8606
11/10/2016,6416,7914
12/10/2016,8598,8105
13/10/2016,6963,8198
14/10/2016,5998,7993
15/10/2016,6521,8700
16/10/2016,7494,8630
17/10/2016,7402,8650
18/10/2016,7567,8694
19/10/2016,7512,8802
20/10/2016,7407,8640
21/10/2016,6410,8275
22/10/2016,6815,8693
23/10/2016,7098,8547
24/10/2016,7024,8676
25/10/2016,7100,8742
26/10/2016,7365,8850
27/10/2016,6357,8214
28/10/2016,5760,7532
29/10/2016,6393,8378
30/10/2016,6903,8460
31/10/2016,7147,8559
01/11/2016,7390,8440
02/11/2016,7175,8493
03/11/2016,7446,8497
04/11/2016,5301,7263
05/11/2016,5781,6583
06/11/2016,5368,7200
07/11/2016,5783,7536
08/11/2016,5922,7598
09/11/2016,5998,7630
10/11/2016,6041,7615
11/11/2016,4859,6818
12/11/2016,5531,7485
13/11/2016,6043,7724
14/11/2016,5890,7550
15/11/2016,5802,7555
16/11/2016,5729,7662
17/11/2016,5810,7572
18/11/2016,4665,6644
19/11/2016,5373,7464
20/11/2016,5743,7462
21/11/2016,5722,7445
22/11/2016,5624,7366
23/11/2016,5673,7428
24/11/2016,5728,7406
25/11/2016,4522,6723
26/11/2016,5286,7253
27/11/2016,5609,7450
28/11/2016,5511,7486
29/11/2016,5680,7504
30/11/2016,5735,7601
01/12/2016,5504,7550
02/12/2016,4816,6811
03/12/2016,5403,7551
04/12/2016,5558,7642
05/12/2016,5628,7557
06/12/2016,5648,7549
07/12/2016,5833,7589
08/12/2016,5828,7499
09/12/2016,4638,6658
10/12/2016,5116,7267
11/12/2016,5446,7360
12/12/2016,5576,7459
13/12/2016,5110,7056
14/12/2016,5460,7395
15/12/2016,5577,7431
16/12/2016,4222,6224
17/12/2016,5158,7192
18/12/2016,5539,7258
19/12/2016,5450,7304
20/12/2016,5468,7362
21/12/2016,5489,7331
22/12/2016,5528,7401
23/12/2016,4762,6559
24/12/2016,5320,7305
25/12/2016,5444,7371
26/12/2016,5594,7405
27/12/2016,5500,7385
28/12/2016,5667,7495
29/12/2016,5650,7427
30/12/2016,4759,6595
31/12/2016,5158,7291
01/01/2017,5518,7294
02/01/2017,5464,7400
03/01/2017,5631,7371
04/01/2017,5558,7642
05/01/2017,5697,7373
06/01/2017,4901,6542
07/01/2017,5247,7279
08/01/2017,5626,7376
09/01/2017,5661,7457
10/01/2017,5702,7438
11/01/2017,5865,7553
12/01/2017,5731,7369
13/01/2017,4953,6674
14/01/2017,5264,7384
15/01/2017,5588,7225
16/01/2017,5752,7319
17/01/2017,5864,7547
18/01/2017,5884,7476
19/01/2017,6039,7497
20/01/2017,5270,6759
21/01/2017,5668,7493
22/01/2017,5907,7440
23/01/2017,6043,7561
24/01/2017,6202,7690
25/01/2017,6190,7673
26/01/2017,6207,7836
27/01/2017,5548,7003
28/01/2017,5906,7643
29/01/2017,6257,7655
30/01/2017,6216,7713
31/01/2017,6332,7723
01/02/2017,6420,7764
02/02/2017,6532,7728
03/02/2017,5404,6870
04/02/2017,5804,7559
05/02/2017,6382,7576
06/02/2017,6276,7829
07/02/2017,6589,7941
08/02/2017,6469,7820
09/02/2017,6640,7796
10/02/2017,5432,6955
11/02/2017,5970,7616
12/02/2017,6586,7845
13/02/2017,6665,7806
14/02/2017,6578,7860
15/02/2017,6510,7806
16/02/2017,6773,7849
17/02/2017,5518,7137
18/02/2017,5955,7797
19/02/2017,6724,8059
20/02/2017,6718,8042
21/02/2017,5604,7547
22/02/2017,6783,8323
23/02/2017,6844,8139
24/02/2017,5607,7266
25/02/2017,6076,7921
26/02/2017,6729,7803
27/02/2017,6662,8011
28/02/2017,6906,7952
01/03/2017,6911,7962
02/03/2017,6816,8281
03/03/2017,5737,7692
04/03/2017,6253,8176
05/03/2017,6835,7488
06/03/2017,6156,8063
07/03/2017,6898,8264
08/03/2017,6879,7390
09/03/2017,6589,7904
10/03/2017,5816,6134
11/03/2017,5182,7248
12/03/2017,6440,7983
13/03/2017,6163,7890
14/03/2017,6387,8048
15/03/2017,6425,7780
16/03/2017,6713,8087
17/03/2017,5734,7587
18/03/2017,5751,7174
19/03/2017,6724,8059
20/03/2017,6718,8042
21/03/2017,5604,7547
22/03/2017,6420,8125
23/03/2017,7059,8507
24/03/2017,6044,8112
25/03/2017,4617,7415
26/03/2017,5606,7868
27/03/2017,6838,8615
28/03/2017,6541,8737
29/03/2017,6650,8099
30/03/2017,6533,8305
31/03/2017,6181,8394
01/04/2017,7156,8610
02/04/2017,7424,8410
03/04/2017,7279,7485
04/04/2017,6696,8231
05/04/2017,6839,6911
06/04/2017,6763,8546
07/04/2017,6898,8264
08/04/2017,7611,8323
09/04/2017,7518,8558
10/04/2017,7881,8968
11/04/2017,7738,8730
12/04/2017,7925,8744
13/04/2017,8081,8824
14/04/2017,6916,8406
15/04/2017,7597,7484
16/04/2017,6129,8505
17/04/2017,7450,9100
18/04/2017,7970,9212
19/04/2017,7603,5473
20/04/2017,6333,8158
21/04/2017,5117,6352
22/04/2017,4984,6133
23/04/2017,6172,7557
24/04/2017,4459,7160
25/04/2017,6627,7921
26/04/2017,6672,8682
27/04/2017,7471,8774
28/04/2017,6436,8463
29/04/2017,7232,7976
30/04/2017,7395,8735
01/05/2017,5291,6964
02/05/2017,6192,7722
03/05/2017,7577,8621
04/05/2017,7352,8827
05/05/2017,6260,8284
06/05/2017,7199,8697
07/05/2017,7319,8717
08/05/2017,7894,8449
09/05/2017,6874,7844
10/05/2017,6624,8598
11/05/2017,7689,7830
12/05/2017,6110,8230
13/05/2017,7484,8731
14/05/2017,7618,8450
15/05/2017,6574,8406
16/05/2017,6468,8137
17/05/2017,7653,8090
18/05/2017,6910,8184
19/05/2017,6790,7910
20/05/2017,7400,8244
21/05/2017,7220,8483
22/05/2017,7878,8259
23/05/2017,7739,8492
24/05/2017,7920,8607
25/05/2017,8004,8593
26/05/2017,7232,8055
27/05/2017,7849,9356
28/05/2017,8473,9283
29/05/2017,8571,9219
30/05/2017,6446,8270
31/05/2017,8015,8241
01/06/2017,6989,7652
02/06/2017,6186,7565
03/06/2017,7202,9089
04/06/2017,7294,8823
05/06/2017,7765,8336
06/06/2017,8061,9229
07/06/2017,8743,9479
08/06/2017,8549,9111
09/06/2017,7461,8973
10/06/2017,8206,9395
11/06/2017,8106,8942
12/06/2017,5723,7649
13/06/2017,7187,9114
14/06/2017,7823,8450
15/06/2017,7915,9323
16/06/2017,6159,8407
17/06/2017,7439,9055
18/06/2017,8106,9067
19/06/2017,6956,8315
20/06/2017,7177,9038
21/06/2017,7581,9166
22/06/2017,7841,8947
23/06/2017,6732,8622
24/06/2017,6598,8415
25/06/2017,5720,8083
26/06/2017,5839,7727
27/06/2017,5516,7776
28/06/2017,5735,7532
29/06/2017,5990,7634
30/06/2017,5496,7452
01/07/2017,6499,8602
02/07/2017,6933,8487
03/07/2017,6857,8612
04/07/2017,7181,8788
05/07/2017,7298,8897
06/07/2017,7603,9039
07/07/2017,6629,8742
08/07/2017,7671,9083
09/07/2017,7725,8942
10/07/2017,7555,8856
11/07/2017,7099,8855
12/07/2017,7412,9147
13/07/2017,7682,8953
14/07/2017,6797,8739
15/07/2017,7738,9143
16/07/2017,8176,9334
17/07/2017,8274,8987
18/07/2017,8455,9258
19/07/2017,7709,8898
20/07/2017,7299,8711
21/07/2017,6227,8575
22/07/2017,7158,8901
23/07/2017,7418,8668
24/07/2017,6450,8149
25/07/2017,6625,8411
26/07/2017,6716,8873
27/07/2017,7642,8849
28/07/2017,6795,8377
29/07/2017,7340,8870
30/07/2017,7828,8578
31/07/2017,7995,9039
01/08/2017,8275,9180
02/08/2017,8253,9266
03/08/2017,7957,9176
04/08/2017,7060,8821
05/08/2017,7806,9470
06/08/2017,8078,9167
07/08/2017,7773,9166
08/08/2017,7919,9314
09/08/2017,8088,9037
10/08/2017,7800,9021
11/08/2017,6217,8377
12/08/2017,6658,8752
13/08/2017,7401,8831
14/08/2017,7499,8977
15/08/2017,6998,8765
16/08/2017,7487,9064
17/08/2017,8011,9201
18/08/2017,6860,8850
19/08/2017,7289,9253
20/08/2017,8308,9284
21/08/2017,8385,9318
22/08/2017,7952,9180
23/08/2017,7947,9129
24/08/2017,8215,8986
25/08/2017,7305,8933
26/08/2017,7619,9253
27/08/2017,8253,9110
28/08/2017,8003,9084
29/08/2017,8251,9088
30/08/2017,8059,8980
31/08/2017,7167,8053
01/09/2017,5706,7889
02/09/2017,5104,7951
03/09/2017,5979,7719
04/09/2017,6213,8079
05/09/2017,6581,8245
06/09/2017,6890,8422
07/09/2017,7067,8449
08/09/2017,6690,8672
09/09/2017,7363,8804
10/09/2017,7289,8358
11/09/2017,6745,8583
12/09/2017,7419,9016
13/09/2017,7934,9049
14/09/2017,7799,9194
15/09/2017,7124,8839
16/09/2017,7958,8984
17/09/2017,7445,9094
18/09/2017,8127,8959
19/09/2017,7824,9047
20/09/2017,7711.6,9122
21/09/2017,7966.9,9215
22/09/2017,7127,8930
23/09/2017,7988.1,9056
24/09/2017,8542.9,9276
25/09/2017,8555.3,9272
26/09/2017,8475,9431
27/09/2017,8444.3,9231
28/09/2017,8614.2,8910
29/09/2017,5987.5,8187
30/09/2017,7201.2,9009
01/10/2017,5706,8874
02/10/2017,8178,9377
03/10/2017,8121.9,9382
04/10/2017,8271.2,9078
05/10/2017,8232,9077
06/10/2017,7332,9128
07/10/2017,7602,9428
08/10/2017,7825,9326
09/10/2017,7490,9251
10/10/2017,7756,9289
11/10/2017,8069,9181
12/10/2017,8064,9261
13/10/2017,7106,8981
14/10/2017,7542,9168
15/10/2017,8025,9236
16/10/2017,8130.7,9154
17/10/2017,8100,9200
18/10/2017,7964.6,9507
19/10/2017,7453.1,8902
20/10/2017,5458.3,6638
21/10/2017,3982,5413
22/10/2017,5878,8061
23/10/2017,6650.3,9139
24/10/2017,6914.9,8859
25/10/2017,6916.9,9222
26/10/2017,6927.5,9179
27/10/2017,5670,7899
28/10/2017,6199,8444
29/10/2017,6732.5,8365
30/10/2017,6400.5,7644
31/10/2017,6203.7,8183
01/11/2017,6562.1,8224
02/11/2017,6512.8,8407
03/11/2017,5317,7507
04/11/2017,6183.1,8496
05/11/2017,7024,9015
06/11/2017,7101.1,8891
07/11/2017,6867.1,8777
08/11/2017,7098.1,8675
09/11/2017,7084,8711
10/11/2017,5333.2,7603
11/11/2017,6326.1,8560
12/11/2017,6855.1,8600
13/11/2017,6884,8605
14/11/2017,6784.7,8637
15/11/2017,6529.6,7964
16/11/2017,6406.7,8170
17/11/2017,5366,7469
18/11/2017,6192.6,8503
19/11/2017,6729.2,8693
20/11/2017,6742.8,8711
21/11/2017,6403,8253
22/11/2017,6124.9,8009
23/11/2017,6134.8,7915
24/11/2017,4960.8,7070
25/11/2017,5910.9,7751
26/11/2017,5861.8,7836
27/11/2017,5670,7883
28/11/2017,6199,7915
29/11/2017,5847.8,7919
30/11/2017,5851,7755
01/12/2017,4960,6982
02/12/2017,5327.1,7362
03/12/2017,5731,7739
04/12/2017,5917,7881
05/12/2017,5875.8,8015
06/12/2017,5887.8,7960
07/12/2017,6054,7826
08/12/2017,4938.8,6920
09/12/2017,5709.2,7335
10/12/2017,6251.2,7823
11/12/2017,6293.1,8028
12/12/2017,6003.8,8024
13/12/2017,5952.4,8002
14/12/2017,6232.7,7742
15/12/2017,5022.3,7002
16/12/2017,4684.7,6591
17/12/2017,5650.4,7627
18/12/2017,5801.5,7842
19/12/2017,5830.2,7889
20/12/2017,5818.9,7894
21/12/2017,5827.3,7896
22/12/2017,4901.9,7064
23/12/2017,5383.5,7829
24/12/2017,5951.7,7935
25/12/2017,5646.6,7829
26/12/2017,5992.7,7957
27/12/2017,5949.8,7798
28/12/2017,6137.8,7753
29/12/2017,5177.4,6919
30/12/2017,5566,7812
31/12/2017,5960.1,7703
01/01/2018,5926.5,7651
02/01/2018,5563,7782
03/01/2018,5927.9,7717
04/01/2018,5954.2,7739
05/01/2018,5130.2,6967
06/01/2018,5455,7657
07/01/2018,5770.5,7700
08/01/2018,5888,7868
09/01/2018,5997.3,7895
10/01/2018,5894.2,7755
11/01/2018,6191.4,7972
12/01/2018,5357,7020
13/01/2018,6128,7842
14/01/2018,6176,7627
15/01/2018,6250,7970
16/01/2018,6120.4,7784
17/01/2018,6170.3,8061
18/01/2018,6324.5,7878
19/01/2018,5368.3,7273
20/01/2018,5776,7684
21/01/2018,6216.5,7841
22/01/2018,6368.6,7810
23/01/2018,6303.8,7881
24/01/2018,6492.9,7973
25/01/2018,6541.9,8183
26/01/2018,5644.2,7285
27/01/2018,6180.3,8051
28/01/2018,6497.9,8144
29/01/2018,6576.8,8251
30/01/2018,6752.7,8231
31/01/2018,6766.4,8186
01/02/2018,6878.5,8162
02/02/2018,5730.5,7262
03/02/2018,6632.1,8109
04/02/2018,6511.6,8139
05/02/2018,6805.2,8247
06/02/2018,6549.4,7976
07/02/2018,6956.7,8258
08/02/2018,7185.2,8115
09/02/2018,5819,7449
11/02/2018,6782.5,8144
12/02/2018,6842.3,8032
13/02/2018,6882,8165
14/02/2018,6128,7842
15/02/2018,6831.7,8419
16/02/2018,7130.2,8288
17/02/2018,5743.2,7455
18/02/2018,6790.1,8158
19/02/2018,7069.8,8465
20/02/2018,7079.8,8551
21/02/2018,7364.8,8553
22/02/2018,6040.8,7631
23/02/2018,7176.7,8508
24/02/2018,6044.8,7980
25/02/2018,7205,8848
26/02/2018,7547.8,8763
27/02/2018,6020,8060
28/02/2018,7005.1,8768
01/03/2018,7467,8835
02/03/2018,6246.6,8316
03/03/2018,6941,9262
04/03/2018,7838.3,9032
05/03/2018,8116,9015
06/03/2018,8109.2,9307
07/03/2018,8057.4,9431
08/03/2018,7776,9241
09/03/2018,6335.1,8306
10/03/2018,7095.2,9249
11/03/2018,7935.9,9454
12/03/2018,7946,9533
13/03/2018,8237.7,9616
14/03/2018,8080.9,9494
15/03/2018,8200,9715
16/03/2018,6548,8842
17/03/2018,8038,9467
18/03/2018,8223.1,9939
19/03/2018,8155.3,10084
20/03/2018,8335,9578
21/03/2018,8402,9714
22/03/2018,8476.9,9819
23/03/2018,7267.9,9344
24/03/2018,8147,9470
25/03/2018,8408.9,8962
26/03/2018,7440.3,8654
27/03/2018,7897,9318
28/03/2018,8117.4,9306
29/03/2018,8330,9147
30/03/2018,6315.2,5487
31/03/2018,4893.4,8314
01/04/2018,7359.1,9147
02/04/2018,7656.5,9258
03/04/2018,8216.2,9350
04/04/2018,7969.2,9248
05/04/2018,8361.2,7443
06/04/2018,5941.9,8396
07/04/2018,7424.3,9255
08/04/2018,7269.5,9200
09/04/2018,8255.1,9510
10/04/2018,7950.4,9355
11/04/2018,6580.6,8943
12/04/2018,7923.3,8917
13/04/2018,6363.3,9257
14/04/2018,7522.3,7614
15/04/2018,8044,9961
16/04/2018,6548,9702
17/04/2018,7437.1,8464
18/04/2018,7536.3,9758
19/04/2018,7639.7,9425
20/04/2018,6206.6,8095
21/04/2018,7094.3,8498
22/04/2018,7953.8,8461
23/04/2018,8105.4,9778
24/04/2018,8526.2,10137
25/04/2018,8329.3,8591
26/03/2018,7243.4,9261
27/04/2018,6297.3,8876
28/04/2018,7884.3,9573
29/04/2018,5524,7807
30/04/2018,6113,7256
31/03/2018,4893.4,8314
01/05/2018,5578,7710
02/05/2018,5636,6579
03/05/2018,7342.8,9091
04/05/2018,5661.1,8024
05/05/2018,7201,8883
06/05/2018,7898,9758
07/05/2018,7083.3,9641
08/05/2018,7628.1,9566
09/05/2018,7650.3,9446
10/05/2018,7342.4,8033
11/05/2018,5767.7,6549
12/05/2018,6988,9449
13/05/2018,7537.1,9160
14/05/2018,7619,9464
15/05/2018,7952,9313
16/05/2018,6623.3,8753
17/05/2018,7620.3,9703
18/05/2018,5664.5,8668
19/05/2018,7219.7,9917
20/05/2018,7472.4,9715
21/05/2018,7460.2,9663
22/05/2018,7877.3,10147
23/05/2018,7694.9,9004
24/05/2018,7976.2,10130
25/05/2018,6999,8960
26/05/2018,8129,10699
27/05/2018,8732.9,10825
28/05/2018,8783.2,10958
29/05/2018,8033.3,10875
30/05/2018,9123.3,9869
31/05/2018,7365.5,9887
01/06/2018,6607,9198
02/06/2018,7861.4,10364
03/06/2018,8703.2,10602
04/06/2018,8886.3,10716
05/06/2018,8864,10903
06/06/2018,9023,10948
07/06/2018,9178,10909
08/06/2018,7958.2,10561
09/06/2018,9043,10249
10/06/2018,8718.6,10044
11/06/2018,8523.6,10480
12/06/2018,8881.2,9286
13/06/2018,7608.4,10263
14/06/2018,8150.2,9944
15/06/2018,6515.3,8616
16/06/2018,5387.9,7749
17/06/2018,5801.1,8503
18/06/2018,6436.7,9132
19/06/2018,5470.1,8229
20/06/2018,7000.3,9186
21/06/2018,7678.9,9641
22/06/2018,7221,9651
23/06/2018,7590.8,10021
24/06/2018,8179.5,9839
25/06/2018,8081.5,10094
26/06/2018,8115.9,10337
27/06/2018,8107.9,10426
28/06/2018,8287.9,10359
29/06/2018,7051.7,9456
30/06/2018,8136.3,10679
01/07/2018,8702,10490
02/07/2018,8587.3,10639
03/07/2018,7895,10057
04/07/2018,8241,10046
05/07/2018,8253.7,10754
06/07/2018,7249.7,10426
07/07/2018,8524,11059
08/07/2018,9009.8,10791
09/07/2018,8946.9,10966
10/07/2018,8979,10975
11/07/2018,9119,11210
12/07/2018,9458,11149
13/07/2018,7810.4,10304
14/07/2018,8783.2,11306
15/07/2018,9267.9,11113
16/07/2018,8838.1,10978
17/07/2018,8971,10928
18/07/2018,9516.9,11184
19/07/2018,9735.4,11144
20/07/2018,8463.8,10357
21/07/2018,7876,10621
22/07/2018,8186.4,10670
23/07/2018,8713.5,10271
24/07/2018,8203,9945
25/07/2018,8224.7,10340
26/07/2018,8326.7,10256
27/07/2018,7091.9,9613
28/07/2018,7817,10263
29/07/2018,8436.8,10552
30/07/2018,8744.4,10538
31/07/2018,8962,10651
01/08/2018,8569.9,10115
02/08/2018,8295.1,10086
03/08/2018,6834.7,9727
04/08/2018,8216,10518
05/08/2018,8831.3,10862
06/08/2018,8980.5,10646
07/08/2018,8652,10862
08/08/2018,9019.8,10902
09/08/2018,9314.4,11045
10/08/2018,8030.7,10617
11/08/2018,8777.1,11095
12/08/2018,9558.9,11097
13/08/2018,9326,11174
14/08/2018,9621.4,11099
15/08/2018,8645.2,10512
16/08/2018,9558.9,11152
17/08/2018,8502.7,10940
18/08/2018,9510.7,10885
19/08/2018,9261.4,10727
20/08/2018,8325,9839
21/08/2018,6644.9,9064
22/08/2018,5700.9,8955
23/08/2018,6999.4,9040
24/08/2018,6543,8996
25/08/2018,7091.3,9330
26/08/2018,7670,9725
27/08/2018,7939.2,9901
28/08/2018,8186.8,10127
29/08/2018,8430.4,10340
30/08/2018,8708.3,10540
31/08/2018,7735.6,10142
01/09/2018,8471.5,10617
02/09/2018,8252,10225
03/09/2018,8996.9,11015
04/09/2018,8985,10892
05/09/2018,9046,10852
06/09/2018,8589.7,10637
07/09/2018,7449,10266
08/09/2018,8500.3,10898
09/09/2018,9043.1,11129
10/09/2018,8854.6,11169
11/09/2018,8774.6,10630
12/09/2018,8852.4,10625
13/09/2018,8553,10830
14/09/2018,7335.9,10277
15/09/2018,8572.1,11292
16/09/2018,9302.3,11289
17/09/2018,9625.4,11534
18/09/2018,9440.1,11363
19/09/2018,9788,11623
20/09/2018,8790.6,10420
21/09/2018,7258.5,9864
22/09/2018,8554,11006
23/09/2018,9167,11432
24/09/2018,9380.8,11557
25/09/2018,9477.5,11140
26/09/2018,9537.3,11348
27/09/2018,9125,10946
28/09/2018,7896,10891
29/09/2018,9050.9,11280
30/09/2018,8708.3,10540
01/10/2018,9532.8,11198
02/10/2018,9227.2,11485
03/10/2018,9498.1,11472
04/10/2018,9591.9,11394
05/10/2018,8271,10548
06/10/2018,9091,11431
07/10/2018,9086,11400
08/10/2018,9028.3,11205
09/10/2018,8722.1,10891
10/10/2018,8081,9966
11/10/2018,7199.3,9110
12/10/2018,6052.1,8103
13/10/2018,6948.2,8830
14/10/2018,7300.4,9456
15/10/2018,8012.3,9862
16/10/2018,7746.1,9886
17/10/2018,7863.8,9821
18/10/2018,8102.8,9842
19/10/2018,6786.4,9086
20/10/2018,7755.8,10158
21/10/2018,8222.9,10286
22/10/2018,8321,10237
23/10/2018,8353,10198
24/10/2018,8374.9,10075
25/10/2018,8111.9,9582
26/10/2018,6716.9,8584
27/10/2018,7390,9879
28/10/2018,7231,8651
29/10/2018,7159,8776
30/10/2018,7247.5,9101
31/10/2019,7636.2,9460
01/11/2018,7922.3,9670
02/11/2018,6547.2,8751
03/11/2018,7768.7,9760
04/11/2018,7905.5,9900
05/11/2018,8017,9454
06/11/2018,7646.7,9667
07/11/2018,7255.61,9256
08/11/2018,7388.1,8956
09/11/2018,5790.9,7724
10/11/2018,6680,8723
11/11/2018,6601.1,8724
12/11/2018,7026.1,8815
13/11/2018,7006.4,8806
14/11/2018,7158.6,8909
15/11/2018,7186.3,8772
16/11/2018,5770.8,7696
17/11/2018,6498.8,8603
18/11/2018,6985.6,8656
19/11/2018,6958.8,8585
20/11/2018,6824.7,8441
21/11/2018,6090.2,8087
22/11/2018,6838.9,8433
23/11/2018,5507.4,7550
24/11/2018,6228.4,8358
25/11/2018,6710,8361
26/11/2018,6712.8,8460
27/11/2018,6719.7,8502
28/11/2018,6971.3,8516
29/11/2018,6762,8464
30/11/2018,5371,7556
01/12/2018,5956.2,8347
02/12/2018,6342,8369
03/12/2018,6448.4,8418
04/12/2018,6410.6,8534
05/12/2018,6622.4,8458
06/12/2018,6510.3,8452
07/12/2018,5266.2,7505
08/12/2018,5798.9,8350
09/12/2018,6498.3,8421
10/12/2018,6337.3,8380
11/12/2018,6479.2,8482
12/12/2018,6519,8349
13/12/2018,6723.6,8326
14/12/2018,5599.7,7596
15/12/2018,6018.4,8095
16/12/2018,5456.3,7194
17/12/2018,6483.8,7990
18/12/2018,6300.7,7865
19/12/2018,6564.8,8150
20/12/2018,6405.2,8096
21/12/2018,5683.1,7375
22/12/2018,6109.1,8296
23/12/2018,6421.4,8280
24/12/2018,6468.3,8336
25/12/2018,6407.1,8188
26/12/2018,6533,8476
27/12/2018,6676,8178
28/12/2018,5825.9,7378
29/12/2018,5661.6,7257
30/12/2018,3894.8,6317
31/12/2018,5748.4,7542
01/01/2019,6299.6,7991
02/01/2019,6366.6,8339
03/01/2019,6418.6,8222
04/01/2019,5286.7,7436
05/01/2019,5987.3,8241
06/01/2019,6444.5,8347
07/01/2019,6387.9,8157
08/01/2019,6340.9,8384
09/01/2019,6426.9,8397
10/01/2019,6491,8348
11/01/2019,5388.4,7479
12/01/2019,5576.3,8417
13/01/2019,6519,8621
14/01/2019,6689.8,8563
15/01/2019,6577.8,8540
16/01/2019,6760.8,8544
17/01/2019,6813.9,8515
18/01/2019,5780.3,7682
19/01/2019,6160.4,8564
20/01/2019,6833.5,8651
21/01/2019,6883.5,8748
22/01/2019,6942.4,8599
23/01/2019,6991,8846
24/01/2019,7173.3,8774
25/01/2019,5846.9,7864
26/01/2019,6167.1,8769
27/01/2019,7189.5,8814
28/01/2019,7144,8891
29/01/2019,7056.9,8748
30/01/2019,7049.4,8893
31/01/2019,7069,8793
01/02/2019,6056.3,8038
02/02/2019,7387.2,8744
03/02/2019,7483,8763
04/02/2019,7275,8919
05/02/2019,7453,8867
06/02/2019,7028.1,9063
07/02/2019,7482.9,8880
08/02/2019,5952.9,7853
09/02/2019,6996.2,8806
10/02/2019,7006.3,8733
11/02/2019,7348.7,8863
12/02/2019,7403.3,8884
13/02/2019,7467.3,9030
14/02/2019,7605.9,9061
15/02/2019,6250,8243
16/02/2019,7006.8,8838
17/02/2019,6667.2,8824
18/02/2019,7444.4,8891
19/02/2019,7377,9066
20/02/2019,7539.1,9159
21/02/2019,6527,8096
22/02/2019,6022.3,8345
23/02/2019,7765.8,9397
24/02/2019,7680,9403
25/02/2019,6734,8684
26/02/2019,6723,8480
27/02/2019,6518.2,6346
28/02/2019,6266,7995
01/03/2019,5492.6,7459
02/03/2019,6749.7,8509
03/03/2019,6881.4,8493
04/03/2019,7188.7,8736
05/03/2019,6909.7,8611
06/03/2019,7071.5,8900
07/03/2019,7303.4,8721
08/03/2019,6131.7,8075
09/03/2019,6789.4,8941
10/03/2019,7006.3,9369
11/03/2019,8076.6,9965
12/03/2019,8373.4,10071
13/03/2019,8517.5,10500
14/03/2019,8670.3,10441
15/03/2019,7432.6,9644
16/03/2019,8474.4,10796
17/03/2019,8792.5,10499
18/03/2019,8347.3,10034
19/03/2019,8296.8,10115
20/03/2019,8984.2,10340
21/03/2019,9097.3,10626
22/03/2019,7718.8,9490
23/03/2019,8224.6,10744
24/03/2019,8731.4,10540
25/03/2019,8909.2,10707
26/03/2019,7743,8334
27/03/2019,8110.2,10182
28/03/2019,8855.7,10613
29/03/2019,8108,10006
30/03/2019,8751.9,10933
31/03/2019,9132.3,4855
01/04/2019,6561.4,9015
02/04/2019,8703.6,7099
03/04/2019,7659,9252
04/04/2019,8440.3,10407
05/04/2019,6737.3,9752
06/04/2019,7735.6,9197
07/04/2019,7306.6,9529
08/04/2019,7812.2,9105
09/04/2019,6544,6024
10/04/2019,6931.1,9389
11/04/2019,8566.2,9894
12/04/2019,7580.2,10181
13/04/2019,7462.5,9962
14/04/2019,7462.5,9962
15/04/2019,8775.7,11190
16/04/2019,9511.3,11440
17/04/2019,8936.2,10871
18/04/2019,8841.8,11242
19/04/2019,7787.1,10858
20/04/2019,9136.7,11300
21/04/2019,9943.2,10184
22/04/2019,7385.4,10755
23/04/2019,9663.9,11581
24/04/2019,10057,12057
25/04/2019,9856.6,12067
26/04/2019,8529.2,10891
27/04/2019,9758.2,12052
28/04/2019,9840.1,11902
29/04/2019,10002.6,12200
30/04/2019,9928,12022
01/05/2019,7796,11095
02/05/2019,9934,12008
03/05/2019,7798.3,7597
04/05/2019,4174,7529
05/05/2019,8465.5,10884
06/05/2019,9380,11813
07/05/2019,9819.6,12214
08/05/2019,9941.7,12482
09/05/2019,9875.7,12161
10/05/2019,8747.3,12095
11/05/2019,9893.3,9894
12/05/2019,10175.1,12376
13/05/2019,10019.5,11088
14/05/2019,9302.8,11823
15/05/2019,9451.3,11768
16/05/2019,9597.1,12012
17/05/2019,8410.5,8359.2
18/05/2019,8583.3,11179
19/05/2019,9670,11244
20/05/2019,9966.9,11329
21/05/2019,10271,12539
22/05/2019,9446.2,12259
23/05/2019,8639.4,11900
24/05/2019,8082.1,9331
25/05/2019,7571,10412
26/05/2019,8529.2,12399
27/05/2019,10172.7,12336
28/05/2019,9847.5,12380
29/05/2019,10364.4,12893
30/05/2019,9928,12022
31/05/2019,8809.23,11098
01/06/2019,8817.7,11784
02/06/2019,6994,10254
03/06/2019,7525,9977
04/06/2019,5919.6,8678
05/06/2019,5635.8,8188
06/06/2019,6075.7,9009
07/06/2019,6229.4,8889
08/06/2019,6806.7,9585
09/06/2019,7550.4,10187
10/06/2019,8389,11089
11/06/2019,9054.9,11482
12/06/2019,9927,11870
13/06/2019,10134.3,11960
14/06/2019,8562,11343
15/06/2019,8259.6,10606
16/06/2019,9487,12094
17/06/2019,10049.1,11602
18/06/2019,9641.4,12063
19/06/2019,10508.4,12355
20/06/2019,10190.8,12362
21/06/2019,8416.2,11369
22/06/2019,9135.5,12182
23/06/2019,10320.7,12451
24/06/2019,10554,12780
25/06/2019,10529.3,12457
26/06/2019,9930.2,11796
27/06/2019,9382,11897
28/06/2019,8068.2,10964
29/06/2019,9256.6,12234
30/06/2019,10446,12032
01/07/2019,10117,11634
02/07/2019,9093.3,12131
03/07/2019,9710.1,12229
04/07/2019,10104.1,12200
05/07/2019,8718.8,11411
06/07/2019,8995.7,11395
07/07/2019,9201.4,11543
08/07/2019,9095.8,11444
09/07/2019,9081.1,11462
10/07/2019,9450.9,10935
11/07/2019,9230,10662
12/07/2019,7665.7,9880
13/07/2019,8654.2,9808
14/07/2019,8342.8,10815
15/07/2019,8193.1,10637
16/07/2019,9268.9,11654
17/07/2019,9853.9,12150
18/07/2019,10120.6,12186
19/07/2019,8841.1,11477
20/07/2019,9451.3,12162
21/07/2019,10257,12436
22/07/2019,10285.4,12270
23/07/2019,10178.8,11640
24/07/2019,9704.1,11559
25/07/2019,9894.8,12033
26/07/2019,8081.6,10913
27/07/2019,8619.5,11508
28/07/2019,9180.3,11578
29/07/2019,9544.9,11791
30/07/2019,9406.8,11663
31/07/2019,9754.6,11862
01/08/2019,9267.5,12016
02/08/2019,8455.8,11466
03/08/2019,8875,12035
04/08/2019,10152.8,12655
05/08/2019,10530.1,12738
06/08/2019,10072.7,12342
07/08/2019,8703.3,10771
08/08/2019,8721.1,10781
09/08/2019,8101.8,11235
10/08/2019,8225,11049
11/08/2019,7916.3,10615
12/08/2019,6792.8,9818
13/08/2019,6666,9274
14/08/2019,6456.3,9666
15/08/2019,6501.3,9552
16/08/2019,6940.2,9808
17/08/2019,7885.4,10792
18/08/2019,8778.9,11188
19/08/2019,9420.4,11757
20/08/2019,9749.8,12142
21/08/2019,10148.2,12450
22/08/2019,10539.2,12021
23/08/2019,8559.2,11577
24/08/2019,9182.7,11814
25/08/2019,9825.94,12187
26/08/2019,10071.8,12461
27/08/2019,10255.6,12539
28/08/2019,10335.4,12693
29/08/2019,10372.2,12526
30/08/2019,9230.2,12272
31/08/2019,9526.5,12443
01/09/2019,10636.2,12717
02/09/2019,10069.5,12560
03/09/2019,10162,12472
04/09/2019,9782.1,12426
05/09/2019,10216.4,12344
06/09/2019,8638.5,11674
07/09/2019,9431,12103
08/09/2019,9889.1,11979
09/09/2019,9928,11852
10/09/2019,9256.8,11854
11/09/2019,10061,12321
12/09/2019,9386.9,11432
13/09/2019,7746.8,10597
14/09/2019,9210.3,12038
15/09/2019,9894.9,12324
16/09/2019,9837.9,12119
17/09/2019,9943.9,12442
18/09/2019,10140.3,12329
19/09/2019,10212.7,12473
20/09/2019,8836.2,11717
21/09/2019,9363,11991
22/09/2019,9866.3,11378
23/09/2019,9367.7,11620
24/09/2019,9059,10641
25/09/2019,8717.5,10279
26/09/2019,8904.7,11219
27/09/2019,7687.7,10379
28/09/2019,8004.6,10687
29/09/2019,8624.1,9979
30/09/2019,8470.7,10426
01/10/2019,8380.3,10478
02/10/2019,8800.6,11257
03/10/2019,9006.9,11122
04/10/2019,8103.2,10722
05/10/2019,9216.9,11556
06/10/2019,9351.7,11301
07/10/2019,9531.4,10945
08/10/2019,8408.6,10450
09/10/2019,8864.7,10284
10/10/2019,8376,9992
11/10/2019,7333,9945
12/10/2019,8685.5,11327
13/10/2019,8904,11219
14/10/2019,9026.7,11326
15/10/2019,9248.9,11666
16/10/2019,8967.3,11284
17/10/2019,9341.3,11952
18/10/2019,8083,10691
19/10/2019,8721,11791
20/10/2019,9495,11829
21/10/2019,9272,11707
22/10/2019,9187.9,11586
23/10/2019,9229.4,11063
24/10/2019,7842.5,9023
25/10/2019,5991.3,7696
26/10/2019,7227.4,9282
27/10/2019,7607.3,9660
28/10/2019,7689.6,9849
29/10/2019,8095.9,10099
30/10/2019,8198.7,10244
31/10/2019,8281,10115
01/11/2019,6822.4,9074
02/11/2019,8250.8,10109
03/11/2019,8196.5,10255
04/11/2019,8494.5,10249
05/11/2019,8544.3,10161
06/11/2019,8359.9,9976
07/11/2019,8122.7,9679
08/11/2019,6469.9,8117
09/11/2019,7310.5,8469
10/11/2019,5632.1,7068
11/11/2019,7183.2,8837
12/11/2019,7078.6,8998
13/11/2019,7701.3,9123
14/11/2019,7918.2,9360
15/11/2019,6387.5,8392
16/11/2019,7148.1,9295
17/11/2019,7789.7,9096
18/11/2019,7615.9,9179
19/11/2019,7303.2,9021
20/11/2019,7176.8,8929
21/11/2019,7294.7,8785
22/11/2019,5725.9,7886
23/11/2019,6731.7,8827
24/11/2019,7062.8,8855
25/11/2019,7110.7,8978
26/11/2019,7208.4,8904
27/11/2019,7267.2,9185
28/11/2019,7433.9,9051
29/11/2019,6103.2,8049
30/11/2019,6870.9,8989
01/12/2019,7011.5,8778
02/12/2019,6665.6,8542
03/12/2019,6760.9,8529
04/12/2019,6876,8708
05/12/2019,6913,8692
06/12/2019,5734.3,7568
07/12/2019,6360.5,8538
08/12/2019,6856.8,8619
09/12/2019,6965.2,8721
10/12/2019,6768,8538
11/12/2019,6797.4,8528
12/12/2019,6865,8622
13/12/2019,5504.8,7568
14/12/2019,6711.3,8523
15/12/2019,6938.4,8517
16/12/2019,5757.3,7443
17/12/2019,6701.2,8445
18/12/2019,6644.1,8479
19/12/2019,6824.8,8487
20/12/2019,5827.3,7597
21/12/2019,6434.1,8364
22/12/2019,6911,8600
23/12/2019,6609.9,8483
24/12/2019,6651.7,8636
25/12/2019,6501.9,8573
26/12/2019,6512.8,8555
27/12/2019,5788.1,7601
28/12/2019,6034.3,8711
29/12/2019,6548.6,8567
30/12/2019,6708.5,8702
31/12/2019,6700.8,8667
01/01/2020,6749.7,8436
02/01/2020,6968.1,8774
03/01/2020,5527.5,7537
04/01/2020,6108.5,8397
05/01/2020,6764.7,8221
06/01/2020,6528.5,8575
07/01/2020,6668,8584
08/01/2020,6792.8,8689
09/01/2020,6845.3,8484
10/01/2020,5895.8,7680
11/01/2020,6786,8653
12/01/2020,6493.1,8561
13/01/2020,6893.3,8827
14/01/2020,7100.7,8727
15/01/2020,7023,8762
16/01/2020,6946.5,8908
17/01/2020,6165.1,7918
18/01/2020,6586.4,8805
19/01/2020,7148.7,8978
20/01/2020,7042.4,8959
21/01/2020,6999.4,9009
22/01/2020,7107.6,9076
23/01/2020,7266,8895
24/01/2020,6011.8,8121
25/01/2020,6786,8866
26/01/2020,7308.5,9019
27/01/2020,7191.6,9068
28/01/2020,7366.5,9196
29/01/2020,7607.4,9223
30/01/2020,7826.5,9077
31/01/2020,6681.1,8250
01/02/2020,6394.3,8731
02/02/2020,7275.7,8940
03/02/2020,7767.3,8963
04/02/2020,7643.3,9126
05/02/2020,7404.3,9099
06/02/2020,7671.7,9132
07/02/2020,6397.7,8128
08/02/2020,7232.6,9014
09/02/2020,8035,9214
10/02/2020,7657.5,9172
11/02/2020,8030.6,9224
12/02/2020,8072.8,9305
13/02/2020,7968.3,9236
14/02/2020,6342.9,8313
15/02/2020,7846.4,9265
16/02/2020,7680.6,9127
17/02/2020,8178.4,9407
18/02/2020,7981.1,9361
19/02/2020,7773.5,9363
20/02/2020,8097.9,9349
21/02/2020,6904.2,8048
22/02/2020,7865.6,9422
23/02/2020,8304.1,9729
24/02/2020,7952.5,9500
25/02/2020,7952.5,8995
26/02/2020,7468.8,9075
27/02/2020,7731.4,9180
28/02/2020,6551.1,8365
29/02/2020,7742.7,9418
01/03/2020,8291.6,9719
02/03/2020,8214.4,9756
03/03/2020,7364.1,9340
04/03/2020,8194.6,9315
05/03/2020,8137.5,9481
06/03/2020,6439.1,8460
07/03/2020,7538.8,9346
08/03/2020,8004.9,9578
09/03/2020,7925.8,9589
10/03/2020,8077.3,9732
11/03/2020,8257.6,9954
12/03/2020,8799.3,10623
13/03/2020,7738.4,9853
14/03/2020,7866.1,9582
15/03/2020,8519.1,10361
16/03/2020,9230.1,10610
17/03/2020,8338.8,9995
18/03/2020,9428.9,10790
19/03/2020,9219.8,10593
20/03/2020,7792.2,9727
21/03/2020,7808.8,10529
22/03/2020,8544.4,10186
23/03/2020,8829.3,10093
24/03/2020,8812.3,10264
25/03/2020,8801.1,9939
26/03/2020,7486.4,9492
27/03/2020,7907.4,9834
28/03/2020,7963.5,10217
29/03/2020,7840.6,9915
30/03/2020,7587.6,9700
31/03/2020,7886.4,9663
01/04/2020,7793.1,10113
02/04/2020,8326.56,8815
03/04/2020,7822.2,8734
04/04/2020,7905.3,9828
05/04/2020,8389.7,9454
06/04/2020,8234,10009
07/04/2020,8287.4,10308
08/04/2020,7941.2,10158
09/04/2020,8034.3,10019
10/04/2020,7632,10095
11/04/2020,8127.36,7375
12/04/2020,6074.8,8865
13/04/2020,7472,9967
14/04/2020,7847.1,10344
15/04/2020,7001.03,7769
16/04/2020,6516.4,9358
17/04/2020,5671.3,8830
18/04/2020,6605.4,8804
19/04/2020,6723.6,9455
20/04/2020,6400.6,8635
21/04/2020,5542.8,8041
22/04/2020,6136.6,8461
23/04/2020,6715.4,7017
24/04/2020,5768.6,7189
25/04/2020,6068.7,7969
26/04/2020,6076.5,7256
27/04/2020,6353.6,8999
28/04/2020,6279.8,7640
29/04/2020,6501.4,8743
30/04/2020,6706.8,8658
01/05/2020,5636.8,8056
02/05/2020,6619.6,7976
03/05/2020,6923.4,9279
04/05/2020,7706.9,10273
05/05/2020,8474.7,8170
06/05/2020,6007.3,9126
07/05/2020,7838.1,7103
08/05/2020,6724.8,9924
09/05/2020,8106.8,10539
10/05/2020,8971.2,10210
11/05/2020,8619.2,11068
12/05/2020,9211.8,11513
13/05/2020,9204.3,9803
14/05/2020,9040.7,10285
15/05/2020,8033.1,10142
16/05/2020,8359.5,11305
17/05/2020,9209.1,11828
18/05/2020,9490.1,11941
19/05/2020,9442,10788
20/05/2020,7109.3,6330
21/05/2020,4344.87,7411
22/05/2020,6143.1,9308
23/05/2020,7249.5,10242
24/05/2020,6606.5,9574
25/05/2020,6056.9,8929
26/05/2020,5863.02,8341
27/05/2020,4434.5,6958
28/05/2020,6522.5,8468
29/05/2020,6772.1,9155
30/05/2020,7183.1,9184
31/05/2020,8346.7,10574
01/06/2020,8859.9,9834
02/06/2020,9165.1,10228
03/06/2020,9280.3,10238
04/06/2020,9052.5,9376
05/06/2020,7720.9,10098
06/06/2020,8998.5,10677
07/06/2020,9670.9,11441
08/06/2020,9623.2,11464
09/06/2020,10166.5,11934
10/06/2020,9909.81,10804
11/06/2020,9492,11211
12/06/2020,7773.9,10167
13/06/2020,8525.7,10714
14/06/2020,9617.1,11410
15/06/2020,9834,11634
16/06/2020,9786.2,11389
17/06/2020,9118.2,10355
18/06/2020,8398.5,10510
19/06/2020,7642.6,10548
20/06/2020,8765,11332
21/06/2020,8868.7,11090
22/06/2020,9276.9,11476
23/06/2020,9747.46,11673
24/06/2020,10183.6,12070
25/06/2020,9692,11285
26/06/2020,8089.8,10790
27/06/2020,8659.7,10753
28/06/2020,9429.28,10619
29/06/2020,9449.7,11286
30/06/2020,9891.8,11367
01/07/2020,10212.8,12112
02/07/2020,10368.1,12032
03/07/2020,8841.66,11491
04/07/2020,9795.9,11743
05/07/2020,9726.9,11415
06/07/2020,8998.5,10677
07/07/2020,9863,11843
08/07/2020,9872.1,11838
09/07/2020,9901.8,11305
10/07/2020,8329.2,10640
11/07/2020,9120.3,10538
12/07/2020,9400.9,10886
13/07/2020,9516.7,11407
14/07/2020,9794.3,11783
15/07/2020,9895.1,11903
16/07/2020,10082.6,11962
17/07/2020,8814.5,11543
18/07/2020,9760.7,12103
19/07/2020,9731.9,11331
20/07/2020,9311.6,10787
21/07/2020,8782.3,10747
22/07/2020,9143.5,11483
23/07/2020,9474.2,11580
24/07/2020,8224.7,10998
25/07/2020,9099.3,12225
26/07/2020,10525.4,12536
27/07/2020,10052.3,11885
28/07/2020,10012.9,11797
29/07/2020,9259.7,11548
30/07/2020,9204,11169
31/07/2020,7640.3,10415
01/08/2020,6948.7,10778
02/08/2020,8016.67,10872
03/08/2020,8854.6,11454
04/08/2020,8472.3,10910
05/08/2020,8171.6,10538
06/08/2020,8725.8,11137
07/08/2020,8458.31,11323
08/08/2020,9665.7,12023
09/08/2020,10271.6,11974
10/08/2020,10363.3,12246
11/08/2020,10051.7,12246
12/08/2020,10458.18,12238
13/08/2020,10627.1,12484
14/08/2020,9399.3,11501
15/08/2020,8063.2,10589
16/08/2020,9527.7,11346
17/08/2020,9705.76,11682
18/08/2020,9724.8,11793
19/08/2020,9744.8,11429
20/08/2020,9170.8,11132
21/08/2020,7789.9,10401
22/08/2020,8925.8,11429
23/08/2020,9620.2,11804
24/08/2020,10151.1,11975
25/08/2020,10076.8,11563
26/08/2020,9440.5,11239
27/08/2020,10145.1,11595
28/08/2020,10012.9,11251
29/08/2020,9395.9,12081
30/08/2020,9575.3,12177
31/08/2020,10843.5,12577
01/09/2020,9415.63,11453
02/09/2020,10280.6,11982
03/09/2020,10641.73,12427
04/09/2020,9075.7,12101
05/09/2020,10311.2,12892
06/09/2020,10834,12097
07/09/2020,10047,11771
08/09/2020,10390.4,12016
09/09/2020,10370,12493
10/09/2020,9806,11941
11/09/2020,8559,11259
12/09/2020,9638,12229
13/09/2020,10506,12345
14/09/2020,10467,12040
15/09/2020,10377,12080
16/09/2020,10145,11966
17/09/2020,10144,11554
18/09/2020,8622,11639
19/09/2020,9719,12725
20/09/2020,10888,12220
21/09/2020,9987,11925
22/09/2020,9497,11422
23/09/2020,9468,11384
24/09/2020,9339,11477
25/09/2020,7853,10262
26/09/2020,9250,10714
27/09/2020,9260,11499
28/09/2020,10012.9,12111
29/09/2020,10215,12250
30/09/2020,10655,12428
01/10/2020,10286,12065
02/10/2020,8595,11238
03/10/2020,9624,12091
04/10/2020,10180,12317
05/10/2020,10276,12054
06/10/2020,9668,11944
07/10/2020,9787,11899
08/10/2020,10097,12063
09/10/2020,8938,11909
10/10/2020,9646,12650
11/10/2020,10648,12759
12/10/2020,10495,12722
13/10/2020,10723,12727
14/10/2020,10646,12528
15/10/2020,10583,12684
16/10/2020,9142,11984
17/10/2020,9771,12637
18/10/2020,10327,12512
19/10/2020,10188,12659
20/10/2020,10568,12538
21/10/2020,9957,12026
22/10/2020,9034,9836
23/10/2020,6310,8212
24/10/2020,8031,9790
25/10/2020,8818,10732
26/10/2020,8505,10705
27/10/2020,9190,11294
28/10/2020,10012.9,11381
29/10/2020,9689,12085
30/10/2020,8265,11107
31/10/2020,8600,11266
01/11/2020,9261,11051
02/11/2020,9280,11572
03/11/2020,9250,11427
04/11/2020,8623,10322
05/11/2020,8281,9602
06/11/2020,6269,7975
07/11/2020,7204,9242
08/11/2020,8109,9801
09/11/2020,8288,10008
10/11/2020,8409,10084
11/11/2020,8245,9996
12/11/2020,8484,10193
13/11/2020,6891,8915
14/11/2020,7632,9822
15/11/2020,8157,9729
16/11/2020,8109,9719
17/11/2020,7960,9633
18/11/2020,7952,9429
19/11/2020,7892,9294
20/11/2020,6631,8454
21/11/2020,7373,9321
22/11/2020,7488,8989
23/11/2020,7154,8867
24/11/2020,7246,8762
25/11/2020,7387,8900
26/11/2020,7437,8926
27/11/2020,6082,7828
28/11/2020,10012.9,9056
29/11/2020,7473,9055
30/11/2020,7479,9074
01/12/2020,7608,8968
02/12/2020,7396,8991
03/12/2020,7491,8928
04/12/2020,6202,7922
05/12/2020,6764,9098
06/12/2020,7331,8996
07/12/2020,7331,8940
08/12/2020,7331,8940
09/12/2020,7249,8815
10/12/2020,7454,8884
11/12/2020,6316,7871
12/12/2020,6644,8743
13/12/2020,7111,8699
14/12/2020,7260,8877
15/12/2020,7160,8816
16/12/2020,6211,7679
17/12/2020,6877,8546
18/12/2020,5988,7888
19/12/2020,6253,8602
20/12/2020,7251,8763
21/12/2020,7108,8862
22/12/2020,7089,8860
23/12/2020,6930,8950
24/12/2020,7129,8838
25/12/2020,6248,7815
26/12/2020,6305,8775
27/12/2020,7231,8843
28/12/2020,10012.9,8808
29/12/2020,7434,8945
30/12/2020,7367,8911
31/12/2020,7275,8853
01/01/2021,6102,7934
02/01/2021,6500,8946
03/01/2021,7151,8863
04/01/2021,7183,8921
05/01/2021,7342,8993
06/01/2021,7533,9073
07/01/2021,7752,9116
08/01/2021,6485,8158
09/01/2021,7014,9141
10/01/2021,7635,9200
11/01/2021,7746,9283
12/01/2021,7666,9245
13/01/2021,7599,9243
14/01/2021,7847,9125
15/01/2021,6647,8182
16/01/2021,7421,9165
17/01/2021,7797,9232
18/01/2021,7758,9297
19/01/2021,7888,9380
20/01/2021,8147,9241
21/01/2021,8118,9279
22/01/2021,6681,8189
23/01/2021,7711,9242
24/01/2021,7846,9104
25/01/2021,7893,9278
26/01/2021,7917,9240
27/01/2021,7919,9272
28/01/2021,10012.9,9240
29/01/2021,6916,8348
30/01/2021,7578,9075
31/01/2021,7989,9188
01/02/2021,7901,9074
02/02/2021,7990,9234
03/02/2021,7975,9179
04/02/2021,8234,9193
05/02/2021,6894,8291
06/02/2021,7523,9277
07/02/2021,8127,9201
08/02/2021,8176,9367
09/02/2021,8158,9356
10/02/2021,8282,9495
11/02/2021,8337,9283
12/02/2021,7139,8150
13/02/2021,7956,9370
14/02/2021,8389,9370
15/02/2021,8346,9418
16/02/2021,8313,9545
17/02/2021,8201,9519
18/02/2021,8441,9529
19/02/2021,7330,8526
20/02/2021,7557,9150
21/02/2021,7264,8450
22/02/2021,8379,9576
23/02/2021,8446,9640
24/02/2021,8665,9709
25/02/2021,8807,10039
26/02/2021,7755,9102
27/02/2021,8686,10386
28/02/2021,10012.9,10603
01/03/2021,9520,10988
02/03/2021,9540,10798
03/03/2021,9209,10755
04/03/2021,9014,10640
05/03/2021,7951,9947
06/03/2021,8314,10781
07/03/2021,9720,10951
08/03/2021,9652,11416
09/03/2021,9091,11147
10/03/2021,9260,11397
11/03/2021,9693,11615
12/03/2021,8639,10869
13/03/2021,9212,9432
14/03/2021,9132,10957
15/03/2021,9445,11505
16/03/2021,9886,11595
17/03/2021,9616,10952
18/03/2021,10120,11701
19/03/2021,8737,10846
20/03/2021,9578,12176
21/03/2021,10584,12525
22/03/2021,10862,12565
23/03/2021,11146,12643
24/03/2021,11126,12790
25/03/2021,11023,12717
26/03/2021,9413,11129
27/03/2021,10425,12446
28/03/2021,10542,10603
29/03/2021,11016,12050
30/03/2021,8688,11407
31/03/2021,9878,12403
01/04/2021,11079,12893
02/04/2021,9745,11995
03/04/2021,10126,13018
04/04/2021,11262,8524
05/04/2021,8996,11347
06/04/2021,9994,11958
07/04/2021,10450,12651
08/04/2021,10322,12854
09/04/2021,8629,11655
10/04/2021,9503,13064
11/04/2021,11266,12798
12/04/2021,10900,13377
13/04/2021,11347,13308
14/04/2021,10094,13058
15/04/2021,10902,13380
16/04/2021,9873,12705
17/04/2021,8237,11940
18/04/2021,9873,12661
19/04/2021,10158,12961
20/04/2021,10747,13228
21/04/2021,11129,12542
22/04/2021,9864,12409
23/04/2021,9072,11853
24/04/2021,10005,13007
25/04/2021,11145,13520
26/04/2021,11508,13777
27/04/2021,11614,14097
28/04/2021,11773,12949
29/04/2021,11323,13788
30/04/2021,10454,13289
01/05/2021,8860,11665
02/05/2021,11158,12738
03/05/2021,10219,12943
04/05/2021,9490,11394
05/05/2021,9733,11620
06/05/2021,9841,12527
07/05/2021,9641,11125
08/05/2021,9510,12734
09/05/2021,10714,10978
10/05/2021,9904,10812
11/05/2021,8443,9453
12/05/2021,8111,10111
13/05/2021,7235,9099
14/05/2021,6995,9780
15/05/2021,7607,8766
16/05/2021,8466,10787
17/05/2021,9442,11192
18/05/2021,10113,10978
19/05/2021,10283,12768
20/05/2021,10760,11980
21/05/2021,9546,12519
22/05/2021,10561,13417
23/05/2021,12021,13357
24/05/2021,11835,12353
25/05/2021,10365,11907
26/05/2021,8780,11529
27/05/2021,9506,11749
28/05/2021,9064,11780
29/05/2021,10341,13171
30/05/2021,11332,12994
31/05/2021,10075,11840
01/06/2021,9351,11612
02/06/2021,10311,13014
03/06/2021,11290,12754
04/06/2021,9954,12215
05/06/2021,9887,11262
06/06/2021,10141,10227
07/06/2021,10513,10869
08/06/2021,9916,12411
09/06/2021,10589,12803
10/06/2021,11218,12223
11/06/2021,9153,11584
12/06/2021,10068,12668
13/06/2021,10836,12792
14/06/2021,10959,12749
15/06/2021,10948,12352
16/06/2021,9945,11896
17/06/2021,9766,11600
18/06/2021,8115,10628
19/06/2021,8530,10821
20/06/2021,9409,11276
21/06/2021,10314,12356
22/06/2021,9884,12106
23/06/2021,10676,12611
24/06/2021,10725,12604
25/06/2021,9590,12025
26/06/2021,10063,12938
27/06/2021,10888,12792
28/06/2021,10694,12335
29/06/2021,9751,11425
30/06/2021,9931,10217
01/07/2021,8476,10097
02/07/2021,7379,9942
03/07/2021,9422,11515
04/07/2021,9453,11704
05/07/2021,10231,12477
06/07/2021,10488,12433
07/07/2021,10165,11698
08/07/2021,10115,12358
09/07/2021,9162,12113
10/07/2021,10100,12898
11/07/2021,10745,12900
12/07/2021,11176,13022
13/07/2021,10278,12838
14/07/2021,10846,13077
15/07/2021,11549,13525
16/07/2021,10643,12830
17/07/2021,10670,13056
18/07/2021,11210,12953
19/07/2021,10232,11940
20/07/2021,8011,10960
21/07/2021,7208,11298
22/07/2021,8576,10908
23/07/2021,7507,10303
24/07/2021,7609,10620
25/07/2021,8451,11285
26/07/2021,9002,11354
27/07/2021,8473,10551
28/07/2021,8068,10400
29/07/2021,6782,9309
30/07/2021,7206,10204
31/07/2021,7841,10777
01/08/2021,9171,11508
02/08/2021,9739,11788
03/08/2021,10153,12060
04/08/2021,10077,11997
05/08/2021,10725,12438
06/08/2021,9711,12179
07/08/2021,10128,12159
08/08/2021,10130,12290
09/08/2021,10702,12524
10/08/2021,10905,12673
11/08/2021,11012,12768
12/08/2021,11313,12748
13/08/2021,9304,11840
14/08/2021,10835,12706
15/08/2021,261.746322,12487
16/08/2021,10707,12987
17/08/2021,10648,12675
18/08/2021,10515,12526
19/08/2021,10634,12531
20/08/2021,8811,11651
21/08/2021,10166,12686
22/08/2021,11340,13271
23/08/2021,11327,12491
24/08/2021,11120,12864
25/08/2021,11048,12919
26/08/2021,11031,12416
27/08/2021,9423,12120
28/08/2021,10251,12743
29/08/2021,10869,12893
30/08/2021,10470,12868
31/08/2021,11410,13185
01/09/2021,11135,13075
02/09/2021,11166,12964
03/09/2021,9805,12602
04/09/2021,10530,13343
05/09/2021,11723,13148
06/09/2021,11421,13082
07/09/2021,11003,13060
08/09/2021,11201,13130
09/09/2021,11320,13314
10/09/2021,10074,12581
11/09/2021,10978,13509
12/09/2021,11415,13025
13/09/2021,11105,12951
14/09/2021,10553,12442
15/09/2021,11168,13085
16/09/2021,11051,13020
17/09/2021,8941,8941
18/09/2021,10002,12647
19/09/2021,10431,12370
20/09/2021,10671,12571
21/09/2021,10511,12523
22/09/2021,10870,12491
23/09/2021,11229,13052
24/09/2021,9875,12696
25/09/2021,10961,13052
26/09/2021,11506,12936
27/09/2021,11458,12716
28/09/2021,10875,12371
29/09/2021,10236,12503
30/09/2021,10926,13065
01/10/2021,9693,12308
02/10/2021,10805,13178
03/10/2021,10430,11569
04/10/2021,10354,12425
05/10/2021,10505,12406
06/10/2021,10784,12829
07/10/2021,11291,12972
08/10/2021,9556,12349
09/10/2021,10263,13243
10/10/2021,11533,13390
11/10/2021,11837,13482
12/10/2021,11973,13420
13/10/2021,11513,13445
14/10/2021,11987,13102
15/10/2021,10398,11744
16/10/2021,10815,12829
17/10/2021,11277,12100
18/10/2021,10248,11556
19/10/2021,9437,11009
20/10/2021,9154,10550
21/10/2021,9930,11874
22/10/2021,8300,10215
23/10/2021,8710,11457
24/10/2021,9809,11618
25/10/2021,9650,11615
26/10/2021,9962,11827
27/10/2021,9839,11784
28/10/2021,9973,11926
29/10/2021,8438,10780
30/10/2021,9475,11641
31/10/2021,9445,10779
01/11/2021,9044,10331
02/11/2021,8757,10274
03/11/2021,8791,10389
04/11/2021,8919,10114
05/11/2021,7413,8681
06/11/2021,7845,9659
07/11/2021,8399,9785
08/11/2021,8471,9853
09/11/2021,8626,10228
10/11/2021,8827,10254
11/11/2021,8739,10067
12/11/2021,7487,8907
13/11/2021,7938,9174
14/11/2021,8043,9240
15/11/2021,8203,9519
16/11/2021,8298,9504
17/11/2021,8059,9614
18/11/2021,8362,9747
19/11/2021,7051,8271
20/11/2021,7762,9598
21/11/2021,8129,9464
22/11/2021,8210,9734
23/11/2021,8396,10026
24/11/2021,7982,9668
25/11/2021,8221,9664
26/11/2021,6648,8261
27/11/2021,7520,9338
28/11/2021,7811,9173
29/11/2021,8035,9456
30/11/2021,7986,9396
01/12/2021,8254,9537
02/12/2021,8400,9588
03/12/2021,6698,8300
04/12/2021,7235,9409
05/12/2021,7990,9231
06/12/2021,7593,8671
07/12/2021,8001,9321
08/12/2021,8037,9460
09/12/2021,8186,9444
10/12/2021,6751,8214
11/12/2021,7253,9326
12/12/2021,7833,9246
13/12/2021,7769,9313
14/12/2021,7638,9221
15/12/2021,7828,9137
16/12/2021,6480,7802
17/12/2021,6418,7955
18/12/2021,6938,9047
19/12/2021,7644,9061
20/12/2021,7604,9082
21/12/2021,7803,9336
22/12/2021,7959,9312
23/12/2021,7927,9245
24/12/2021,6700,8150
25/12/2021,7631,9013
26/12/2021,7598,9149
27/12/2021,7888,9446
28/12/2021,7942,9368
29/12/2021,8046,9398
30/12/2021,8088,9302
31/12/2021,6768,8193
01/01/2022,7339,8985
02/01/2022,7659,9156
03/01/2022,6698,9342
04/01/2022,7954,9406
05/01/2022,7756,9239
06/01/2022,8136,9338
07/01/2022,6932,8218
08/01/2022,7280,9513
09/01/2022,8149,9537
10/01/2022,8242,9612
11/01/2022,8457,9726
12/01/2022,8347,9583
13/01/2022,8555,9643
14/01/2022,7236,8349
15/01/2022,7688,9604
16/01/2022,8286,9676
17/01/2022,8276,9771
18/01/2022,8453,9829
19/01/2022,8575,9853
20/01/2022,8645,9783
21/01/2022,7503,8615
22/01/2022,8154,9673
23/01/2022,8883,9735
24/01/2022,8804,9894
25/01/2022,8842,10021
26/01/2022,8795,9699
27/01/2022,8843,9959
28/01/2022,7718,8683
29/01/2022,8280,9869
30/01/2022,8945,9867
31/01/2022,8869,9801
01/02/2022,8977,9775
02/02/2022,8934,10011
03/02/2022,9086,9784
04/02/2022,6344,7350
05/02/2022,7466,9073
06/02/2022,8023,9448
07/02/2022,8198,9478
08/02/2022,8339,9671
09/02/2022,8610,9748
10/02/2022,8698,9596
11/02/2022,7479,8555
12/02/2022,7982,9667
13/02/2022,8773,9873
14/02/2022,8748,10004
15/02/2022,8913,9913
16/02/2022,8992,9951
17/02/2022,9145,10099
18/02/2022,7737,8785
19/02/2022,8582,10000
20/02/2022,9002,9542
21/02/2022,7730,8561
22/02/2022,8832,9947
23/02/2022,9090,10262
24/02/2022,9254,10225
25/02/2022,7966,8937
26/02/2022,9028,10381
27/02/2022,9422,9939
28/02/2022,9529,10737
01/03/2022,9499,10490
02/03/2022,9491,10667
03/03/2022,9486,10844
04/03/2022,8104,9443
05/03/2022,9171,10895
06/03/2022,9857,11024
07/03/2022,10123,11424
08/03/2022,10327,11802
09/03/2022,10381,11895
10/03/2022,10466,11722
11/03/2022,8958,10372
12/03/2022,9715,11669
13/03/2022,10708,11621
14/03/2022,10873,11899
15/03/2022,10955,12170
16/03/2022,11132,12631
17/03/2022,11164,12597
18/03/2022,10217,11521
19/03/2022,9622,12075
20/03/2022,11430,13038
21/03/2022,11435,13024
22/03/2022,11773,13096
23/03/2022,12003,13412
24/03/2022,11630,13284
25/03/2022,10407,12418
26/03/2022,10189,12593
27/03/2022,12116,13108
28/03/2022,11642,13347
29/03/2022,11507,12769
30/03/2022,11517,13283
31/03/2022,11586,13662
01/04/2022,10180,12585
02/04/2022,10811,13718
03/04/2022,11724,13130
04/04/2022,11058,13712
05/04/2022,11914,13986
06/04/2022,11856,13635
07/04/2022,10673,14351
08/04/2022,10673,13442
09/04/2022,11742,13906
10/04/2022,11613,12853
11/04/2022,11129,13832
12/04/2022,11626,14423
13/04/2022,11832,14178
14/04/2022,10842,13465
15/04/2022,11031,13860
16/04/2022,11701,14782
17/04/2022,12346,14387
18/04/2022,12320,14470
19/04/2022,12322,14419
20/04/2022,6920,10043
21/04/2022,9731,13046
22/04/2022,9263,9317
23/04/2022,10383,13766
24/04/2022,11995,13975
25/04/2022,12633,14714
26/04/2022,12895,14716
27/04/2022,12323,14635
28/04/2022,12764,14544
29/04/2022,11516,13079
30/04/2022,9186,11464
01/05/2022,8519,11978
02/05/2022,7540,10798
03/05/2022,6014,7880
04/05/2022,6447,9610
05/05/2022,7943,10543
06/05/2022,7708,10543
07/05/2022,9541,11937
08/05/2022,10901,12734
09/05/2022,10378,11820
10/05/2022,9695,11472
11/05/2022,10204,11566
12/05/2022,10744,12736
13/05/2022,8827,10889
14/05/2022,10184,13297
15/05/2022,10853,13701
16/05/2022,11587,13954
17/05/2022,11026,13256
18/05/2022,11832,13760
19/05/2022,11857,12907
20/05/2022,8660,11749
21/05/2022,7266,10998
22/05/2022,10951,13456
23/05/2022,11466,13810
24/05/2022,11993,13923
25/05/2022,11624,13024
26/05/2022,11753,13361
27/05/2022,10118,11869
28/05/2022,10702,12348
29/05/2022,11023,13303
30/05/2022,11410,13713
31/05/2022,11563,13655
01/06/2022,11886,13797
02/06/2022,11829,13474
03/06/2022,9939,12725
04/06/2022,10222,13036
05/06/2022,11791,13833
06/06/2022,11848,14004
07/06/2022,11900,13587
08/06/2022,12226,13985
09/06/2022,10677,12051
10/06/2022,9695,12700
11/06/2022,11160,13803
12/06/2022,11802,13492
13/06/2022,11768,12914
14/06/2022,11633,13200
15/06/2022,11406,13264
16/06/2022,11489,12989
17/06/2022,8231,9530
18/06/2022,9978,11850
19/06/2022,10591,12133
20/06/2022,10336,12439
21/06/2022,10785,13023
22/06/2022,11018,13082
23/06/2022,11338,13194
24/06/2022,9942,12570
25/06/2022,11756,13319
26/06/2022,11933,13696
27/06/2022,12067,13523
28/06/2022,11825,13332
29/06/2022,11705,13485
30/06/2022,12067,13523
01/07/2022,,13119
02/07/2022,,13607
03/07/2022,,13615
04/07/2022,,13636
05/07/2022,,13678
06/07/2022,,13864
07/07/2022,,13619
08/07/2022,,12785
09/07/2022,,11760
10/07/2022,,12102
11/07/2022,,11800
12/07/2022,,12181
13/07/2022,,12068
14/07/2022,,12300
15/07/2022,,12626
16/07/2022,,13538
17/07/2022,,13765
18/07/2022,,14006
19/07/2022,,14124
20/07/2022,,13664
21/07/2022,,13797
22/07/2022,,13206
23/07/2022,,13914
24/07/2022,,12579
25/07/2022,,13266
26/07/2022,,13420.94583
27/07/2022,,13704
28/07/2022,,13720
29/07/2022,,13089
30/07/2022,,13817
31/07/2022,,13707
01/08/2022,10429,13800
02/08/2022,10830,13800
03/08/2022,10779,13800
04/08/2022,10681,13800
05/08/2022,10438,13450
06/08/2022,10629,13800
07/08/2022,10149,14200
08/08/2022,10946,14200
09/08/2022,11100,13400
10/08/2022,11350,13700
11/08/2022,11350,13450
12/08/2022,11700,13250
13/08/2022,12200,13200
14/08/2022,10700,12750
15/08/2022,10622,13110
16/08/2022,11800,14100
17/08/2022,11900,14200
18/08/2022,11900,13450
19/08/2022,11000,12759
20/08/2022,11500,13950
21/08/2022,12100,13950
22/08/2022,12300,14450
23/08/2022,11433,14200
24/08/2022,11418,14100
25/08/2022,12200,14561
26/08/2022,11700,14112
27/08/2022,11869,13915
28/08/2022,11965,14150
29/08/2022,12300,14300
30/08/2022,12300,14300
31/08/2022,12260,14745
01/09/2022,12900,14695
02/09/2022,11272,13492
03/09/2022,11366,13492
04/09/2022,11374,13831
05/09/2022,11938,13522
06/09/2022,11452,13800
07/09/2022,11805,14300
08/09/2022,13000,14370
09/09/2022,11914,13141
10/09/2022,11590,13560
11/09/2022,11527,13264
12/09/2022,10815,12252
13/09/2022,9641,11790
14/09/2022,10133,11975
15/09/2022,10903,12683
16/09/2022,10156,12558
17/09/2022,11440,13669
18/09/2022,11840,13960
19/09/2022,12089,13964
20/09/2022,11336,14031
21/09/2022,11969,13832
22/09/2022,11930,14234
23/09/2022,10990,13487
24/09/2022,11754,13651
25/09/2022,11642,13649
26/09/2022,11378,14200
27/09/2022,11378,14200
28/09/2022,12500,14500
29/09/2022,12173,14429
30/09/2022,11635,13921
01/10/2022,12497,14300
02/10/2022,11100,13372
03/10/2022,10975,12683
04/10/2022,10975,13200
05/10/2022,11134,13282
06/10/2022,11654,13275
07/10/2022,10600,12950
08/10/2022,11688,13872
09/10/2022,11550,13452
10/10/2022,12358,13923
11/10/2022,12019,13003
12/10/2022,11070,12758
13/10/2022,11307,12856
14/10/2022,10393,12596
15/10/2022,10987,13354
16/10/2022,11280,13177
17/10/2022,11740,13593
18/10/2022,12043,13660
19/10/2022,11224,13019
20/10/2022,11856,13150
21/10/2022,9499,12500
22/10/2022,10449,12952
23/10/2022,11440,13060
24/10/2022,8146,5652
25/10/2022,6655,9032
26/10/2022,9350,10800
27/10/2022,9860,11028
28/10/2022,8594,10071
29/10/2022,9040,11060
30/10/2022,10112,11300
31/10/2022,10250,11815
01/11/2022,10500,12350
02/11/2022,10478,12160
03/11/2022,9802,11389
04/11/2022,8960,10312
05/11/2022,9200,11297
06/11/2022,10385,11233
07/11/2022,10020,11227
08/11/2022,9794,11169
09/11/2022,9800,11069
10/11/2022,9955,10950
11/11/2022,8523,9673
12/11/2022,8930,10514
13/11/2022,9009,10373
14/11/2022,9073,10531
15/11/2022,9306,10610
16/11/2022,9141,10559
17/11/2022,9295,10671
18/11/2022,8157,9115
19/11/2022,8315,10131
20/11/2022,9012,10549
21/11/2022,9135,10526
22/11/2022,9024,10512
23/11/2022,8684,10245
24/11/2022,9081,10107
25/11/2022,8214,9187
26/11/2022,8155,10259
27/11/2022,8916,10076
28/11/2022,8997,10284
29/11/2022,8878,10254
30/11/2022,9150,10390
01/12/2022,9302,10550
02/12/2022,8089,8976
03/12/2022,8152,10096
04/12/2022,8449,9888
05/12/2022,8784,9905
06/12/2022,8555,9981
07/12/2022,8634,10076
08/12/2022,8746,10035
09/12/2022,7716,8874
10/12/2022,7995,9822
11/12/2022,8665,9653
12/12/2022,8459,9747
13/12/2022,8656,9740
14/12/2022,8677,9994
15/12/2022,8591,9741
16/12/2022,7172,8108
17/12/2022,7560,9329
18/12/2022,8247,9577
19/12/2022,8135,9589
20/12/2022,8366,9633
21/12/2022,8380,9768
22/12/2022,8513,9764
23/12/2022,7748,8619
24/12/2022,7531,9382
25/12/2022,8348,9459
26/12/2022,8717,9664
27/12/2022,8503,9835
28/12/2022,8567,9684
29/12/2022,8714,9633
30/12/2022,7880,8671
31/12/2022,7763,9581
01/01/2023,8127,9239
02/01/2023,8126,9425
03/01/2023,8371,9706
04/01/2023,8640,9797
05/01/2023,8652,9839
06/01/2023,7986,8810
07/01/2023,7958,9795
08/01/2023,8853,9861
09/01/2023,8800,9972
10/01/2023,8761,9800
11/01/2023,9065,9767
12/01/2023,8733,9808
13/01/2023,8148,8929
14/01/2023,8449,9700
15/01/2023,8800,9660
16/01/2023,8992,9970
17/01/2023,7983,10094
18/01/2023,9000,10094
19/01/2023,9089,10000
20/01/2023,8500,9239
21/01/2023,8683,9801
22/01/2023,8950,10000
23/01/2023,9100,10050
24/01/2023,9100,10293
25/01/2023,9567,10336
26/01/2023,9550,10485
27/01/2023,8781,9405
28/01/2023,9200,10209
29/01/2023,9560,10455
30/01/2023,9550,10496
31/01/2023,9550,10350
01/02/2023,9600,10581
02/02/2023,9731,10569
03/02/2023,8776,9390
04/02/2023,9210,10452
05/02/2023,9676,10465
06/02/2023,9730,10286
07/02/2023,9780,10349
08/02/2023,9800,10496
09/02/2023,9850,10533
10/02/2023,9217,9722
11/02/2023,9357,10376
12/02/2023,9850,10600
13/02/2023,9950,10432
14/02/2023,9734,10574
15/02/2023,9650,10838
16/02/2023,9900,10538
17/02/2023,8927,9670
18/02/2023,9419,10586
19/02/2023,10280,10898
20/02/2023,10308,10862
21/02/2023,9087,10067
22/02/2023,10000,11200
23/02/2023,10650,11395
24/02/2023,9513,10679
25/02/2023,9995,11551
26/02/2023,10601,11233
27/02/2023,10493,11795
28/02/2023,10650,11562
01/03/2023,10810,11892
02/03/2023,10807,11865
03/03/2023,9947,10693
04/03/2023,10366,12065
05/03/2023,11271,12308
06/03/2023,12255,12521
07/03/2023,11388,11568
08/03/2023,9421,11040
09/03/2023,10842,12264
10/03/2023,9948,10978
11/03/2023,10238,12221
12/03/2023,11406,12829
13/03/2023,11509,13046
14/03/2023,11701,12920
15/03/2023,10428,12665
16/03/2023,11306,12926
17/03/2023,9637,10220
18/03/2023,9999,12404
19/03/2023,8684,9675
20/03/2023,9336,10324
21/03/2023,9259,10376
22/03/2023,9758,11259
23/03/2023,10194,11742
24/03/2023,9543,10892
25/03/2023,10555,11194
26/03/2023,9974,10776
27/03/2023,10788,12118
28/03/2023,11375,12678
29/03/2023,10302,11153
30/03/2023,11163,12155
31/03/2023,9176,10794
01/04/2023,9272,10593
02/04/2023,10102,11412
03/04/2023,10525,12363
04/04/2023,11485,13378
05/04/2023,11833,13291
06/04/2023,12314,13283
07/04/2023,11282,12860
08/04/2023,11924,13951
09/04/2023,12369,14323
10/04/2023,12868,14598
11/04/2023,13129,14896
12/04/2023,13421,15154
13/04/2023,13402,15636
14/04/2023,12582,15031
15/04/2023,13981,15000
16/04/2023,13981,16000
17/04/2023,14550,16221
18/04/2023,14400,16131
19/04/2023,13800,16096
20/04/2023,13200,14558
21/04/2023,11109,9781
22/04/2023,9040,11606
23/04/2023,8226,9442
24/04/2023,9061,10231
25/04/2023,9719,11857
26/04/2023,10655,12155
27/04/2023,11335,7753
28/04/2023,9539,12100
29/04/2023,11116,9235
30/04/2023,11349,11801
01/05/2023,9578,11274
02/05/2023,11958,13542
03/05/2023,12647,12413
04/05/2023,11426,12411
05/05/2023,10675,12938
06/05/2023,12112,14163
07/05/2023,13003,14802
08/05/2023,13600,15395
09/05/2023,13600,15300
10/05/2023,14250,14500
11/05/2023,13900,14300
12/05/2023,11905,14130
13/05/2023,12800,14400
14/05/2023,12000,12732
15/05/2023,12200,13585
16/05/2023,12750,12000
17/05/2023,9376,11950
18/05/2023,9855,11823
19/05/2023,10278,12641
20/05/2023,11500,14250
21/05/2023,12800,12900
22/05/2023,12148,14251
23/05/2023,13000,8346
24/05/2023,10800,12700
25/05/2023,11747,13563
26/05/2023,10284,12600
27/05/2023,11050,12821
28/05/2023,12069,14218
29/05/2023,12800,14950
30/05/2023,13300,15000
31/05/2023,13800,15600
01/06/2023,14250,15700
02/06/2023,13500,14770
03/06/2023,14000,15500
04/06/2023,14300,15700
05/06/2023,14900,15700
06/06/2023,14900,15800
07/06/2023,14900,15500
08/06/2023,14500,15147
09/06/2023,12500,12699
10/06/2023,12500,13950
11/06/2023,12500,14100
12/06/2023,11800,13850
13/06/2023,13050,14400
14/06/2023,13300,15000
15/06/2023,12800,14125
16/06/2023,12350,11974
17/06/2023,12300,11886
18/06/2023,12000,13267
19/06/2023,11800,13540
20/06/2023,12600,13596
21/06/2023,12730,14168
22/06/2023,13050,14250
23/06/2023,12350,13860
24/06/2023,12070,14500
25/06/2023,13250,14600
26/06/2023,12535,13395
27/06/2023,9530,11566
28/06/2023,7917,10301
29/06/2023,7361,10896
30/06/2023,8674,9504
01/07/2023,8701,11031
02/07/2023,9606,11720
03/07/2023,9951,12454
04/07/2023,11051,13440
05/07/2023,11510,13555
06/07/2023,11699,13087
07/07/2023,10746,13049
08/07/2023,11800,14085
09/07/2023,12600,14850
10/07/2023,13200,14765
11/07/2023,13400,14921
12/07/2023,13350,14780
13/07/2023,13500,14870
14/07/2023,11879,13870
15/07/2023,12339,14545
16/07/2023,12680,14485
17/07/2023,13000,15066
18/07/2023,13500,15200
19/07/2023,14200,15600
20/07/2023,14250,15499
21/07/2023,12491,14344
22/07/2023,12800,15300
23/07/2023,14100,15300
24/07/2023,14200,15550
25/07/2023,14200,15520
26/07/2023,13900,15420
27/07/2023,13800,15160
28/07/2023,12118,14300
29/07/2023,12656,15175
30/07/2023,14150,15700
31/07/2023,14550,15220
01/08/2023,13300,13870
02/08/2023,12350,14373
03/08/2023,12900,14623
04/08/2023,11689,13395
05/08/2023,12650,14049
06/08/2023,11850,13501
07/08/2023,11550,12729
08/08/2023,10921,13253
09/08/2023,12258,13661
10/08/2023,12500,13879
11/08/2023,11396,13333
12/08/2023,12200,13800
13/08/2023,11660,13665
14/08/2023,12550,13972
15/08/2023,11476,13781
16/08/2023,13000,14311
17/08/2023,13400,14392
18/08/2023,11453,13805
19/08/2023,12365,14036
20/08/2023,13600,14651
21/08/2023,13600,14701
22/08/2023,13380,14244
23/08/2023,12600,14030
24/08/2023,12731,14182
25/08/2023,10484,12278
26/08/2023,10904,13496
27/08/2023,12365,14251
28/08/2023,12600,14347
29/08/2023,13382,14716
30/08/2023,13490,14889
31/08/2023,13800,14815
01/09/2023,12500,14380
02/09/2023,12764,15100
03/09/2023,13295,15100
04/09/2023,13230,15200
05/09/2023,13900,15350
06/09/2023,13400,14700
07/09/2023,13200,14500
08/09/2023,10585,13300
09/09/2023,12035,15000
10/09/2023,13350,15370
11/09/2023,13500,15175
12/09/2023,13435,14800
13/09/2023,12780,14830
14/09/2023,12610,14450
15/09/2023,11455,14050
16/09/2023,12675,15350
17/09/2023,13950,14900
18/09/2023,13080,14650
19/09/2023,12630,13890
20/09/2023,11865,13250
21/09/2023,11696,12861
22/09/2023,10398,12183
23/09/2023,10699,13240
24/09/2023,11824,12852
25/09/2023,12262,14120
26/09/2023,12429,14750
27/09/2023,12690,14900
28/09/2023,12315,14700
29/09/2023,12000,13485
30/09/2023,11450,13900
01/10/2023,12530,14200
02/10/2023,12293,14200
03/10/2023,12115,13360
04/10/2023,11311,12582
05/10/2023,10985,11300
06/10/2023,9326,11396
07/10/2023,11030,13458
08/10/2023,11991,14060
09/10/2023,11911,14220
10/10/2023,12224,14085
11/10/2023,12290,14470
12/10/2023,12130,14200
13/10/2023,10593,12852
14/10/2023,11230,13720
15/10/2023,11995,13852
16/10/2023,11862,13742
17/10/2023,11754,13832
18/10/2023,11833,13313
19/10/2023,11503,13370
20/10/2023,10165,11780
21/10/2023,11390,13180
22/10/2023,11800,12948
23/10/2023,11850,12144
24/10/2023,10238,11269
25/10/2023,10768,12425
26/10/2023,11289,12730
27/10/2023,9860,10967
28/10/2023,10299,11798
29/10/2023,10675,11825
30/10/2023,10823,11977
31/10/2023,11078,12466
01/11/2023,10963,12570
02/11/2023,11209,12650
03/11/2023,9790,11040
04/11/2023,10302,12270
05/11/2023,10908,12197
06/11/2023,10465,11741
07/11/2023,10339,11253
08/11/2023,10250,11315
09/11/2023,10048,11740
10/11/2023,8735,9556
11/11/2023,9414,11207
12/11/2023,10201,11680
13/11/2023,10157,11553
14/11/2023,10298,11657
15/11/2023,10363,11892
16/11/2023,9805,11088
17/11/2023,7098,6897
18/11/2023,8588,10596
19/11/2023,9557,11033
20/11/2023,9737,11253
21/11/2023,9707,11034
22/11/2023,9436,10696
23/11/2023,9340,10409
24/11/2023,8215,9061
25/11/2023,8140,10583
26/11/2023,9325,10721
27/11/2023,9553,10831
28/11/2023,9651,10847
29/11/2023,9615,10786
30/11/2023,9608,10725
01/12/2023,8306,9203
02/12/2023,8833,10636
03/12/2023,9413,10876
04/12/2023,9415,10921
05/12/2023,9039,10838
06/12/2023,9153,10827
07/12/2023,9214,9839
08/12/2023,8019,8619
09/12/2023,8067,9849
10/12/2023,8640,9773
11/12/2023,8635,9966
12/12/2023,8827,10074
13/12/2023,9003,10083
14/12/2023,8870,9911
15/12/2023,7625,8466
16/12/2023,7199,8192
17/12/2023,8567,9648
18/12/2023,8756,10111
19/12/2023,8790,10180
20/12/2023,9048,10093
21/12/2023,9235,10145
22/12/2023,8173,8694
23/12/2023,8475,9910
24/12/2023,9141,10203
25/12/2023,9015,9985
26/12/2023,9194,10225
27/12/2023,9540,10396
28/12/2023,9618,10487
29/12/2023,8465,8978
30/12/2023,8923,10262
31/12/2023,9608,10725
01/01/2024,9084,9944
02/01/2024,9294,10056
03/01/2024,9287,10131
04/01/2024,9508,10107
05/01/2024,8731,9168
06/01/2024,8712,9113
07/01/2024,6132,7468
08/01/2024,8810,9566
09/01/2024,9189,9759
10/01/2024,9280,10086
11/01/2024,8635,10280
12/01/2024,8852,9084
13/01/2024,8914,10286
14/01/2024,9557,10437
15/01/2024,9503,10368
16/01/2024,9800,10517
17/01/2024,9843,10515
18/01/2024,9935,10544
19/01/2024,9087,9530
20/01/2024,9380,9794
21/01/2024,9900,10276
22/01/2024,10000,10558
23/01/2024,9995,10713
24/01/2024,10009,10455
25/01/2024,10200,10692
26/01/2024,9186,9227
27/01/2024,9230,10288
28/01/2024,10000,10580
29/01/2024,9954,10717
30/01/2024,10100,10715
31/01/2024,10500,10704
01/02/2024,10260,10424
02/02/2024,9290,9311
03/02/2024,9562,10550
04/02/2024,9750,10425
05/02/2024,10150,10465
06/02/2024,9900,10888
07/02/2024,10400,10980
08/02/2024,10400,10850
09/02/2024,9108,9345
10/02/2024,9659,10645
11/02/2024,10150,10740
12/02/2024,10300,10900
13/02/2024,10407,10286
14/02/2024,10570,11043
15/02/2024,10980,11040
16/02/2024,9800,9925
17/02/2024,10050,11275
18/02/2024,10800,11350
19/02/2024,10900,11600
20/02/2024,10870,11600
21/02/2024,9810,9940
22/02/2024,10067,10598
23/02/2024,9346,9893
24/02/2024,9774,11132
25/02/2024,10066,10307
26/02/2024,8230,9551
27/02/2024,10663,11075
28/02/2024,10874,11424
29/02/2024,11039,11437
01/03/2024,9859,10170
02/03/2024,9859,11470
03/03/2024,11040,11930
04/03/2024,10701,11629
05/03/2024,11220,12040
06/03/2024,11060,11800
07/03/2024,11140,11750
08/03/2024,9803,10535
09/03/2024,10000,11825
10/03/2024,11300,12045
11/03/2024,11300,12400
12/03/2024,11415,12300
13/03/2024,11900,12780
14/03/2024,12300,12576
15/03/2024,10750,12300
16/03/2024,11450,12800
17/03/2024,11210,13000
18/03/2024,11900,13450
19/03/2024,11900,12411
20/03/2024,9980,10668
21/03/2024,10124,10246
22/03/2024,9066,10354
23/03/2024,10399,11281
24/03/2024,10526,11263
25/03/2024,11228,12925
26/03/2024,9801,12107
27/03/2024,11900,11935
28/03/2024,11700,12695
29/03/2024,11250,13250
30/03/2024,12100,14050
31/03/2024,10854,13950
01/04/2024,12850,14650
02/04/2024,13200,15000
03/04/2024,13400,15250
04/04/2024,13700,15500
05/04/2024,13400,15300
06/04/2024,14000,15700
07/04/2024,14000,13850
08/04/2024,12200,12800
09/04/2024,10541,12729
10/04/2024,10049,11948
11/04/2024,8894,10929
12/04/2024,9637,11762
13/04/2024,10399,12700
14/04/2024,10915,12880
15/04/2024,12300,14350
16/04/2024,13500,12830
17/04/2024,13500,13100
18/04/2024,13240,15080
19/04/2024,12420,14520
20/04/2024,13800,15750
21/04/2024,14700,16000
22/04/2024,14800,16700
23/04/2024,14875,16720
24/04/2024,15000,16774
25/04/2024,15150,16750
26/04/2024,14180,15870
27/04/2024,14400,16750
28/04/2024,15150,17150
29/04/2024,15800,17200
30/04/2024,16100,17000
01/05/2024,13400,15850
02/05/2024,14700,15850
03/05/2024,13580,15075
04/05/2024,14000,15600
05/05/2024,13260,14400
06/05/2024,11237,9522
07/05/2024,11356,13638
08/05/2024,10663,12781
09/05/2024,12241,12487
10/05/2024,10725,12787
11/05/2024,10559,13341
12/05/2024,12500,14202
13/05/2024,12905,15150
14/05/2024,13850,15700
15/05/2024,14200,16100
16/05/2024,14870,15850
17/05/2024,13770,15700
18/05/2024,12030,14628
19/05/2024,13640,14300
20/05/2024,13030,14376
21/05/2024,13300,15585
22/05/2024,12640,15550
23/05/2024,14400,16400
24/05/2024,13454,15850
25/05/2024,13950,14900
26/05/2024,13100,13560
27/05/2024,5323,4554
28/05/2024,8180,12451
29/05/2024,12459,14700
30/05/2024,13000,14600
31/05/2024,11700,14200
01/06/2024,13700,15750
02/06/2024,13660,15950
03/06/2024,13400,15100
04/06/2024,13650,15080
05/06/2024,14100,16250
06/06/2024,13630,15725
07/06/2024,13450,14093
08/06/2024,12850,12681
09/06/2024,13850,15900
10/06/2024,13193,15450
11/06/2024,14550,16700
12/06/2024,14500,16450
13/06/2024,14400,14100
14/06/2024,11929,14510
15/06/2024,11757,13723
16/06/2024,10337,12872
17/06/2024,9234,12967
18/06/2024,9490,11633
19/06/2024,8846,10636
20/06/2024,9352,10979
21/06/2024,10199,12815
22/06/2024,10825,13436
23/06/2024,12719,14510
24/06/2024,13500,15200
25/06/2024,14650,15600
26/06/2024,14000,15400
27/06/2024,13800,14800
28/06/2024,13800,14800
29/06/2024,11427,14000
30/06/2024,13100,13493
01/07/2024,12880,14070
02/07/2024,12600,13800
03/07/2024,12470,14350
04/07/2024,12850,14250
05/07/2024,11167,13229
06/07/2024,12750,14620
07/07/2024,13580,15400
08/07/2024,13580,15500
09/07/2024,14100,15450
10/07/2024,13800,15500
11/07/2024,14750,14350
12/07/2024,11400,13587
13/07/2024,13100,15400
14/07/2024,14050,15700
15/07/2024,14150,15700
16/07/2024,14150,16000
17/07/2024,13750,15800
18/07/2024,14600,15900
19/07/2024,14600,14450
20/07/2024,12170,13800
21/07/2024,11156,13500
22/07/2024,10665,12820
23/07/2024,11119,13560
24/07/2024,13380,14600
25/07/2024,13750,15400
26/07/2024,13020,14700
27/07/2024,13680,13395
28/07/2024,14500,15950
29/07/2024,14650,15750
30/07/2024,14370,15750
31/07/2024,14400,15300
01/08/2024,12650,12374
02/08/2024,10003,11816
03/08/2024,11489,13370
04/08/2024,12620,13090
05/08/2024,10439,12059
06/08/2024,11098,13064
07/08/2024,12450,13740
08/08/2024,12800,13790
09/08/2024,11100,13380
10/08/2024,12270,14130
11/08/2024,12930,14500
12/08/2024,13210,14550
13/08/2024,13550,15000
14/08/2024,14100,15450
15/08/2024,14200,15530
16/08/2024,12075,13725
17/08/2024,12100,14060
18/08/2024,12630,14250
19/08/2024,12200,13450
20/08/2024,11920,13800
21/08/2024,11970,13576
22/08/2024,11704,13040
23/08/2024,10406,12545
24/08/2024,11760,14100
25/08/2024,11980,11902
26/08/2024,11090,13225
27/08/2024,12600,14220
28/08/2024,13020,14470
29/08/2024,11825,15000
30/08/2024,12450,14150
31/08/2024,13250,15300
01/09/2024,13550,15150
02/09/2024,13650,14630
03/09/2024,12550,14980
04/09/2024,13800,15350
05/09/2024,13300,13976
06/09/2024,11950,14650
07/09/2024,13250,15500
08/09/2024,13400,15900
09/09/2024,14200,16100
10/09/2024,14700,15900
11/09/2024,14578,15900
12/09/2024,14500,15300
13/09/2024,12580,12380
14/09/2024,10079,11456
15/09/2024,10333,11948
16/09/2024,10996,13480
17/09/2024,13900,15150
18/09/2024,13900,15720
19/09/2024,14500,16300
20/09/2024,11980,15300
21/09/2024,13240,12880
22/09/2024,13750,16100
23/09/2024,12900,16100
24/09/2024,11950,15050
25/09/2024,12135,13239
26/09/2024,10382,12475
27/09/2024,10955,12372
28/09/2024,12360,14700
29/09/2024,12860,15200
30/09/2024,12330,15420
